-1.396175742149353027e+00,-7.873258590698242188e-01
1.895825266838073453e-01,6.255207061767578125e-01
-6.786476373672485352e-01,-7.131464481353759766e-01
-1.347721457481384277e+00,-1.342528581619262695e+00
-2.861225306987762451e-01,3.791500329971313477e-01
5.774416327476500355e-01,1.428617238998413086e+00
-6.920174360275268555e-01,-7.741099596023559570e-01
2.617256641387938898e-01,1.098512768745422363e+00
3.890529274940490168e-01,1.007035732269287109e+00
-6.058315038681030273e-01,-1.348322391510009766e+00
-9.528956376016141719e-03,-3.235182166099548340e-01
-2.910577058792114258e-01,-1.065598204731941223e-01
-6.161738187074661255e-02,-4.724361002445220947e-01
-1.152558088302612305e+00,-6.671373844146728516e-01
3.838036954402924139e-01,8.017046451568603516e-01
2.337231874465942383e+00,2.142004966735839844e+00
8.063435554504394531e-01,-4.898709356784820557e-01
-5.304814130067824623e-02,-7.386662960052490234e-01
-7.912142276763917126e-01,-8.600345849990844727e-01
6.663194894790650524e-01,-2.243163436651229858e-02
6.397144794464111328e-01,2.673704624176025391e-01
-1.784013360738754272e-01,-7.655690312385559082e-01
-1.110968112945556641e+00,1.168199703097343445e-01
1.008550763130188210e+00,2.669179439544677734e-01
-7.548735141754150391e-01,-6.048526167869567871e-01
-1.373204827308654563e+00,-7.860568761825561523e-01
7.229841351509094238e-01,3.440474271774291992e-01
1.960678696632384366e+00,2.545072793960571289e+00
1.634509205818176270e+00,1.297470688819885254e+00
-7.214040756225587048e-01,5.971170067787170410e-01
-5.035389661788940430e-01,1.493775129318237305e+00
2.959577739238739014e-01,1.947289109230041504e-01
8.616174459457396351e-01,-1.700446128845214844e+00
1.014069199562072754e+00,8.781983256340026855e-01
1.299118995666503906e-01,-4.657340347766876221e-01
-7.911245226860046387e-01,-8.088899850845336914e-01
1.069477558135986328e+00,1.109378933906555176e+00
-1.964819878339767734e-01,-3.247489929199218750e-01
-4.675122797489166260e-01,-5.700439959764480591e-02
1.278683781623840110e+00,1.671255111694335938e+00
-7.021569609642028809e-01,-8.203341364860534668e-01
-9.342891573905943714e-01,-9.142006039619445801e-01
-3.758079409599303644e-01,4.881611466407775879e-02
4.649198651313781738e-01,-1.259060800075531006e-01
-9.975041747093199573e-01,1.229341402649879456e-01
-1.832252368330955505e-02,-2.417390346527099609e-01
-4.807026386260985773e-01,-3.009622097015380859e-01
-1.146928369998931746e-01,2.463131546974182129e-01
-3.018701970577240545e-01,-1.431241750717163086e+00
3.961865007877349854e-01,-5.888171195983886719e-01
-9.847624897956848145e-01,-1.137590169906616211e+00
1.023490905761718750e+00,1.338312149047851562e+00
7.891602516174317516e-01,4.177830517292022705e-01
-1.139175030402839401e-03,-1.112961053848266602e+00
-4.761712551116942804e-01,-3.412241935729980469e-01
1.554649233818054199e+00,7.160696983337402344e-01
-7.251960784196852250e-02,-8.088903427124023438e-01
-6.785578727722167969e-01,-6.185897588729858398e-01
-8.422259092330931507e-01,-1.510705947875976562e-01
-3.124583661556243896e-01,-9.714684486389160156e-01
1.777808427810668723e+00,-4.779395163059234619e-01
-2.096956595778464577e-02,-6.720100045204162598e-01
-1.635958403348923007e-01,2.000564634799957275e-01
-6.787822246551513672e-01,7.137981653213500977e-01
-1.611731201410293857e-01,1.028210520744323730e+00
3.683252334594727118e-01,5.178979635238647461e-01
-1.456609129905700462e+00,-1.047058105468750000e+00
-8.424053788185118519e-01,2.068548649549484253e-02
-1.671602845191955344e+00,-9.916884899139404297e-01
4.399592399597167969e+00,4.289398193359375000e+00
2.954857982695102345e-02,4.182617962360382080e-01
1.231844544410705566e+00,6.258569955825805664e-01
-7.570270299911500134e-01,-8.111871033906936646e-02
-7.238501310348510742e-02,-3.937248140573501587e-02
1.036209240555763245e-01,-4.019398987293243408e-02
-9.045884609222412109e-01,-9.717431068420410156e-01
1.305827140808105469e+00,9.154401421546936035e-01
1.543185263872146606e-01,5.200674533843994141e-01
2.118917942047119141e+00,1.315573096275329590e+00
-1.610385328531265259e-01,9.532721042633056641e-01
4.702139794826508123e-01,8.539328575134277344e-01
-3.433255851268768311e-01,-3.263903856277465820e-01
6.691908240318298340e-01,4.252780228853225708e-02
1.453209161758422852e+00,8.577662706375122070e-01
-7.438366413116453968e-01,-2.046966850757598877e-01
9.449319839477537952e-01,4.001108109951019287e-01
6.157564520835876465e-01,1.179251313209533691e+00
1.608532190322876199e+00,6.566556692123413086e-01
1.837716065347194325e-02,6.790763735771179199e-01
-7.364339232444763184e-01,-6.904711723327636719e-01
-1.534563153982162476e-01,-2.396352589130401611e-01
1.205418944358825462e+00,1.738422632217407227e+00
-1.633198261260986328e+00,-1.485622644424438477e+00
-2.988642454147338867e-01,3.844844102859497070e-01
8.176496028900146484e-01,7.044179439544677734e-01
4.091525077819824219e-01,-2.466768324375152588e-01
-1.799716204404830655e-01,-4.282993376255035400e-01
2.363074064254760742e+00,1.500673413276672363e+00
9.737802743911744274e-01,9.708278179168701172e-01
-1.171604245901107511e-01,-2.910477668046951294e-02
3.173584342002868652e-01,3.428467214107513428e-01
-7.617827057838439941e-01,-4.163459539413452148e-01
-7.429842352867126465e-01,-1.222550392150878906e+00
-1.183269172906875194e-01,6.268935203552246094e-01
2.371611073613166462e-02,4.529212117195129395e-01
-1.104148626327514648e+00,-3.343801200389862061e-02
7.106910943984984241e-01,8.696527034044265747e-02
-1.724409103393554465e+00,-1.109250545501708984e+00
-1.420157104730606079e-01,-6.693162322044372559e-01
-4.964503049850463867e-01,-7.504804730415344238e-01
6.791957616806030273e-01,1.326282024383544922e+00
-2.251708984375000000e+00,-9.141995906829833984e-01
1.007294535636901855e+00,4.247327148914337158e-01
1.794543147087097390e+00,1.044122338294982910e+00
-6.871271133422851562e-01,-6.551907062530517578e-01
1.042603373527526633e+00,9.461936950683593750e-01
-2.306692153215408048e-01,-9.640481472015380859e-01
-1.397060509771108627e-02,8.650884032249450684e-03
7.618373632431030273e-01,4.834813773632049561e-01
-1.524692922830581665e-01,-1.770432591438293457e-01
-7.775752544403075062e-01,-4.328016340732574463e-01
-3.524780571460723877e-01,3.753530383110046387e-01
3.865404725074768066e-01,-1.503018736839294434e-01
1.296943902969360352e+00,-1.692606806755065918e-01
-1.254156082868576050e-01,-3.194063901901245117e-03
-4.434645771980285645e-01,-4.941947758197784424e-01
-2.248703241348266602e+00,-1.758457422256469727e+00
7.925914973020553589e-02,1.287174969911575317e-01
5.935482382774353027e-01,4.724903404712677002e-01
1.004378318786621094e+00,3.535036444664001465e-01
1.203107535839080811e-01,3.110898435115814209e-01
-1.078037023544311523e+00,1.183753132820129395e+00
-4.169492721557616632e-01,-4.784066975116729736e-01
4.467943608760833740e-01,1.253256916999816895e+00
1.485377430915832297e+00,-6.931109428405761719e-01
3.764458298683167614e-01,2.495122253894805908e-01
-1.039408206939697266e+00,-9.815477132797241211e-01
-6.545550227165222168e-01,-7.860556840896606445e-01
1.112009763717651145e+00,4.882679879665374756e-01
1.149269342422484935e-01,6.609811782836914062e-01
-1.659264922142028809e+00,-7.665076255798339844e-01
5.435900017619132302e-02,-5.077304840087890625e-01
2.898687031120061441e-03,-9.997114539146423340e-03
-2.872441709041595459e-01,-8.268812894821166992e-01
-5.928439274430274963e-02,-6.485268473625183105e-01
2.143032103776931763e-01,4.540454149246215820e-01
3.423034548759460449e-01,4.001103341579437256e-01
-1.682169437408447266e-01,-3.481603562831878662e-01
-1.113929152488708496e+00,-9.809011220932006836e-01
1.086481451988220215e+00,-5.934100598096847534e-02
3.300552666187286377e-01,4.431975632905960083e-02
-1.644638895988464355e+00,-8.659473061561584473e-01
4.362061917781829834e-01,-7.582038044929504395e-01
7.676249742507934570e-01,5.113642811775207520e-01
-4.889578223228455145e-01,-3.870209157466888428e-01
-3.770641684532166082e-01,-8.630180358886718750e-01
1.852957487106323242e+00,1.630997776985168457e+00
-9.793337583541870117e-01,-3.133352398872375488e-01
1.352711200714111106e+00,8.266576528549194336e-01
-1.656752467155456099e+00,-1.705440282821655273e+00
1.061177611351013184e+00,9.748687744140625000e-01
-1.659623861312866433e+00,2.669177055358886719e-01
5.242764353752136230e-01,6.315155029296875000e-01
1.115387305617332458e-02,1.124514266848564148e-02
5.586431622505186878e-01,9.771579504013061523e-01
5.619632005691527210e-01,4.255211055278778076e-01
6.992720067501068115e-02,1.963821947574615479e-01
9.855116158723831177e-02,-1.297585070133209229e-01
-8.569416999816894531e-01,1.638972163200378418e-01
6.094753742218016468e-01,4.913430660963058472e-02
-6.830444335937500000e-01,-1.021383881568908691e+00
1.762015938758850098e+00,1.428618669509887695e+00
-1.741906523704528587e+00,2.824940681457519531e-01
3.339585363864898682e-01,4.208402931690216064e-01
1.067614853382110457e-01,4.068366885185241699e-01
-3.039339780807495117e-01,-1.125595092773437500e+00
5.503430962562561035e-01,-8.600328564643859863e-01
-3.100805282592772882e-01,3.314220011234283447e-01
6.236527562141417347e-01,1.761985421180725098e-01
-4.374974966049193226e-01,-4.219105541706085205e-01
-1.029178977012634277e+00,-9.142018556594848633e-01
9.683516025543211780e-01,1.064293622970581055e+00
-1.746437907218933105e+00,-4.511191546916961670e-01
2.099940061569213423e+00,1.199013352394104004e+00
-4.397856295108795166e-01,-2.614386379718780518e-01
-5.481798052787781872e-01,-9.845407009124755859e-01
-6.145353317260742188e-01,-9.164876937866210938e-01
1.455407500267028809e+00,3.753520846366882324e-01
-7.793250083923340954e-01,-5.198864936828613281e-01
-1.603542447090148704e+00,-1.900311231613159180e+00
6.332987546920776367e-01,1.403729319572448730e-01
6.795547008514404297e-01,4.182617366313934326e-01
-8.542497754096985974e-01,-1.627300679683685303e-01
-4.967194795608521063e-01,-5.077311396598815918e-01
-1.948901638388633728e-02,5.628949999809265137e-01
5.631745457649232067e-01,-1.692576706409454346e-01
6.075910329818724476e-01,1.124401390552520752e-02
3.386693894863129217e-01,-2.482615411281585693e-01
2.473980665206908736e+00,1.258124113082885742e+00
1.429676413536071777e-01,-5.700390785932540894e-02
-1.695336461067199707e+00,-1.009055376052856445e+00
-6.693605184555053711e-01,-3.308111727237701416e-01
2.432659864425659180e+00,4.726039767265319824e-01
-5.010265707969665527e-01,-6.377285122871398926e-01
-3.038891255855560303e-01,-9.717437028884887695e-01
9.111485481262208141e-01,1.915234029293060303e-01
2.479072064161300937e-01,5.869788527488708496e-01
6.259408593177795410e-01,-2.621329128742218018e-01
5.432992577552795410e-01,-7.860550880432128906e-01
8.730580210685732201e-01,3.230384588241577148e-01
-1.098922714591026306e-01,-1.565902531147003174e-01
-4.604917764663695595e-02,-2.875453978776931763e-02
-1.742288768291473389e-01,-8.544503450393676758e-01
3.829512596130371094e-01,3.572369515895843506e-01
1.092717766761779341e+00,-2.586917877197265625e-01
-4.730755686759948175e-01,-5.609858036041259766e-01
1.763945102691650613e+00,8.081116676330566406e-01
-1.109801650047302246e+00,-1.306846618652343750e+00
8.132976889610290527e-01,7.574068307876586914e-01
-1.105180501937866211e+00,-1.425733208656311035e+00
3.340034186840056818e-01,5.154643654823303223e-01
-2.958134114742279053e-01,-9.624094963073730469e-01
5.131947398185728870e-01,1.932790875434875488e-01
-1.102084755897521973e+00,-4.784067571163177490e-01
1.177198767662048118e+00,5.419300198554992676e-01
8.198480010032652698e-01,-5.938155651092529297e-01
-7.884325981140135609e-01,-6.302249431610107422e-01
2.090539932250976285e-01,1.578346133232116699e+00
9.053609371185303845e-01,4.508073031902313232e-01
5.953876972198487438e-01,5.872242450714111328e-01
3.874826431274414062e-01,-2.586922645568847656e-01
-5.149347186088562012e-01,-4.830606877803802490e-01
1.002897739410400613e+00,9.395413398742675781e-01
-3.133108019828795832e-01,-9.741520881652832031e-01
7.826547622680664062e-01,1.115260243415832520e+00
7.888910174369810901e-01,9.152837842702865601e-02
-4.872978031635283869e-01,-2.092249095439910889e-01
5.832292437553404651e-01,3.304470181465148926e-01
1.322897523641586581e-01,-1.186140537261962891e+00
1.474116325378417969e+00,7.814165353775024414e-01
2.632062137126922052e-01,-5.641627311706542969e-01
2.352552413940429410e-01,-9.815484285354614258e-01
-6.917482614517211914e-01,-9.569270610809326172e-01
-4.147293418645858071e-02,7.137982845306396484e-01
-1.047708272933959961e+00,-1.056726217269897461e+00
5.168737173080444336e-01,-2.026692330837249756e-01
-2.713618874549865723e-01,-3.399086296558380127e-01
1.833014041185379306e-01,6.129051446914672852e-01
1.052069902420043945e+00,3.026339709758758545e-01
-8.358550667762755237e-01,4.001122415065765381e-01
-3.547661900520325262e-01,8.125720024108886719e-01
1.190096661448478699e-01,-4.185470193624496460e-02
-3.195022046566008966e-01,-1.005702257156372070e+00
5.662702322006225586e-01,1.886848956346511841e-01
5.973169207572937012e-01,-2.372435033321380615e-01
4.153887629508972168e-01,-7.100312709808349609e-01
-4.078865051269531250e-01,-4.058042466640472412e-01
-2.266021013259888139e+00,-2.022175788879394531e+00
4.408488422632217407e-02,3.599500358104705811e-01
-6.314279884099961715e-02,-2.827734053134918213e-01
2.104896754026412686e-01,-4.219130277633666992e-01
1.282183289527893066e+00,3.540605306625366211e-01
2.722689807415008545e-01,5.527421832084655762e-01
-8.370215892791746937e-01,-2.706561684608459473e-01
2.011577337980270386e-01,-1.201304122805595398e-01
-1.385946512222290039e+00,-4.068355560302734375e-01
-8.811114355921745300e-03,-5.490030050277709961e-01
-2.833409011363983709e-01,-9.142006635665893555e-01
-1.000465273857116699e+00,-7.823456525802612305e-01
-7.450480461120604359e-01,-2.974731028079986572e-01
1.015684366226196289e+00,1.378918647766113281e+00
-1.104283213615417703e+00,-5.203365683555603027e-01
3.892840862274169478e+00,3.764432668685913086e+00
9.054058194160460316e-01,8.781980276107788086e-01
6.573464274406433105e-01,-1.065897867083549500e-01
-4.147060215473175049e-01,9.476569294929504395e-01
2.173989117145538608e-01,-8.289254456758499146e-02
1.020754098892211914e+00,9.154403209686279297e-01
5.451835989952088513e-01,-1.692601144313812256e-01
1.128654718399047852e+00,1.020083308219909668e+00
3.860918283462524969e-01,-9.142004847526550293e-01
-2.889490425586699884e-01,-9.208633750677108765e-02
5.353133082389831543e-01,-3.822403252124786377e-01
-1.011412382125854492e+00,-1.700446963310241699e+00
1.027080059051513672e+00,1.217183828353881836e+00
5.162007212638854980e-01,3.085044324398040771e-01
3.908475339412688654e-01,-8.003875017166137695e-01
1.411305069923400879e+00,1.011787056922912598e+00
-2.486152797937392633e-01,-6.021001935005187988e-01
-1.004189014434814453e+00,-9.789818525314331055e-01
3.834447860717772882e-01,-7.823460102081298828e-01
7.721563577651977539e-01,-9.164868593215942383e-01
7.720665931701660156e-01,3.069897592067718506e-01
-6.920174360275268555e-01,6.258594393730163574e-01
1.297841191291809082e+00,2.276156842708587646e-01
7.324058413505554199e-01,6.146418452262878418e-01
1.062613248825073242e+00,1.082726597785949707e+00
-1.169203042984009011e+00,-7.534826993942260742e-01
1.879966378211975098e+00,9.154405593872070312e-01
-1.357501983642577903e+00,-1.658780932426452637e+00
4.348602294921875000e-01,-1.787879467010498047e-01
1.089397788047790305e+00,-1.809231638908386230e-01
-4.719090759754179798e-01,-1.108034491539001465e+00
2.584953904151916504e-01,4.881651699542999268e-02
1.442217230796813965e+00,3.114985227584838867e-01
-1.352656602859497070e+00,-9.141432046890258789e-01
-1.317033648490905540e+00,-6.276453137397766113e-01
3.202297985553741455e-01,2.209019362926483154e-01
-4.909767508506776013e-01,-9.051297307014465332e-01
-1.089836597442626731e+00,2.937044501304626465e-01
1.292771458625793679e+00,-6.314054727554321289e-01
-6.980742216110228382e-01,-5.229271054267883301e-01
1.510882377624511719e-01,-2.371218502521514893e-01
-6.661302447319030762e-01,-7.302312254905700684e-01
1.043814778327941895e+00,7.209510207176208496e-01
6.643454432487487793e-01,8.263753354549407959e-02
-2.222345769405364713e-01,-8.003894686698913574e-01
1.327541828155517578e+00,6.735384464263916016e-01
1.445447444915771484e+00,1.199013829231262207e+00
2.072145193815231878e-01,2.294400930404663086e-01
-4.666598439216613214e-01,-7.903225421905517578e-01
-2.698813378810882568e-01,-7.582043409347534180e-01
-2.293232679367065430e-01,3.958428204059600830e-01
3.858226537704467773e-01,4.560240805149078369e-01
-4.990758001804351113e-02,-3.460790961980819702e-02
-1.621981978416442871e+00,-1.313954353332519531e+00
7.364885807037353516e-01,1.315574526786804199e+00
-1.369256734848022683e+00,-5.229271054267883301e-01
9.104306697845460095e-01,9.615035057067871094e-01
-5.273408442735672691e-02,2.446107864379882812e-01
-1.032274603843688743e+00,-1.084068894386291504e+00
5.155726075172424316e-01,7.798149585723876953e-01
-1.361832469701766690e-01,-1.263716220855712891e-01
4.370137751102448065e-01,8.748121559619903564e-03
-2.038631960749625813e-02,-1.141090616583824158e-01
-1.871948987245559970e-01,7.477441430091857910e-01
1.025823831558227317e+00,9.672485589981079102e-01
8.175598382949829102e-01,2.645518481731414795e-01
1.355806946754455566e+00,6.735382080078125000e-01
1.446883201599120872e+00,1.460830211639404297e+00
4.076271057128905695e-01,5.263469815254211426e-01
-1.379329860210418979e-01,-7.566108107566833496e-01
1.410721898078918457e+00,9.632622003555297852e-01
-3.105291724205017090e-01,-1.066379308700561523e+00
3.059178292751312256e-01,2.695108652114868164e-01
-1.273896694183349609e-01,6.258560419082641602e-01
1.323189973831176758e+00,1.124507933855056763e-02
3.064764976501465288e+00,3.219376325607299805e+00
-5.119736194610595703e-01,-6.818314194679260254e-01
-2.566910088062286377e-01,-3.247499465942382812e-01
-1.804651319980621060e-01,-2.751784622669219971e-01
3.485196113586425781e+00,2.972421646118164062e+00
-5.156077146530152477e-01,-1.118172287940979004e+00
-1.668327689170837624e+00,-1.297057986259460449e+00
1.724015116691589133e+00,2.428703308105468750e+00
-1.031826019287109153e+00,-7.416997104883193970e-02
-3.033058941364288330e-01,-9.862195253372192383e-01
-1.616418719291687012e+00,-9.141999483108520508e-01
1.214090641587972641e-02,-7.302299141883850098e-01
9.906944036483763538e-01,8.119104504585266113e-01
-4.782350659370421808e-01,-8.721066117286682129e-01
1.732516139745712280e-01,5.307242274284362793e-01
1.266570210456847700e+00,-4.428993761539459229e-01
9.581223130226137474e-01,-3.284250199794769287e-01
-9.010441303253171608e-01,-3.282952308654785156e-01
-1.679768323898315652e+00,-6.671378612518310547e-01
-1.340677618980407715e+00,-1.368125915527343750e+00
-1.114512443542480469e+00,-9.809000492095947266e-01
-4.033551514148711603e-01,-2.313760668039321899e-02
-2.267725944519042969e+00,-2.276586055755615234e+00
5.389922261238098145e-01,4.820544421672821045e-01
5.109515190124511719e-01,4.598270654678344727e-01
3.090583980083465021e-01,-6.818300485610961914e-01
-4.875221252441406805e-01,-1.109248518943786621e+00
5.684686303138732910e-01,-6.314048767089843750e-01
2.644602775573730469e+00,7.137988209724426270e-01
2.077977657318115234e-01,-4.967277348041534424e-01
1.098909139633178711e+00,9.380168914794921875e-01
-5.087882280349731445e-01,-9.815491437911987305e-01
-2.844050060957670212e-03,8.223717808723449707e-01
-1.963473856449126920e-01,-5.961239933967590332e-01
-1.354451179504394309e+00,-5.490016937255859375e-01
-7.939959168434143066e-01,-5.961251258850097656e-01
-4.659419953823090155e-01,1.153970137238502502e-01
6.306068301200866699e-01,8.436344861984252930e-01
7.922559380531309925e-01,8.226854354143142700e-02
-9.258545637130736194e-01,3.958436548709869385e-01
1.092583179473876731e+00,5.749401450157165527e-01
6.814839243888854980e-01,5.343017354607582092e-02
-7.161548733711241566e-01,-6.885420083999633789e-01
-1.927581727504730225e-01,2.618812620639801025e-01
-1.987408518791198730e+00,-7.177685499191284180e-01
-4.051497578620911755e-01,-5.358549356460571289e-01
-7.328895926475524902e-01,-6.276462674140930176e-01
7.948580980300902210e-01,2.294378876686096191e-01
6.062450408935546875e-01,1.162752509117126465e+00
6.881239414215089001e-01,-1.297565102577209473e-01
8.991695642471313477e-01,3.668331801891326904e-01
3.899950981140137274e-01,3.914672434329986572e-01
-1.652109920978545865e-01,4.988099634647369385e-01
-1.033306598663330078e+00,-8.630202412605285645e-01
2.107140123844147006e-01,-6.899342536926269531e-01
-9.999268651008605957e-01,-1.009340643882751465e+00
6.469826102256776013e-01,1.008747220039367676e+00
1.485757827758789062e-01,-7.504810690879821777e-01
1.406728863716125488e+00,7.310351133346557617e-01
-5.373672842979432263e-01,6.701631844043731689e-02
5.561522394418717125e-02,-6.664457321166992188e-01
-1.616666316986083707e-01,-4.063976705074310303e-01
-1.668866038322448508e+00,-1.175046920776367188e+00
-3.248411417007446289e-01,2.837559580802917480e-01
5.333840847015380859e-01,6.533502340316772461e-01
-1.359565854072570801e+00,-8.524208068847656250e-01
-4.626668393611907959e-01,-9.092077612876892090e-01
-1.098181486129760742e+00,-7.123001217842102051e-01
-1.312480717897415161e-01,5.656239986419677734e-01
-8.687645196914672852e-02,-8.600325584411621094e-01
1.770651489496231079e-01,2.805679738521575928e-01
1.037555187940597673e-01,-8.818466216325759888e-02
1.001776099205017090e+00,4.560239017009735107e-01
1.606445163488387784e-01,-2.057031989097595215e-01
2.759927809238433838e-01,2.893358170986175537e-01
-1.586897492408752441e+00,-2.276585102081298828e+00
-1.330426782369613370e-01,1.795794367790222168e-01
-1.284664422273635864e-01,-7.175522446632385254e-01
-2.451391145586967468e-02,-2.903049886226654053e-01
7.160300612449645996e-01,1.339151263236999512e-01
-8.005695044994354248e-02,5.582956671714782715e-01
2.045787811279296431e+00,7.209125757217407227e-01
6.267035603523254395e-01,7.391970604658126831e-02
-1.098899364471435547e+00,-9.605340957641601562e-01
9.007164835929870605e-02,5.971168279647827148e-01
2.145926952362060547e+00,6.860285401344299316e-01
5.646766349673271179e-02,2.494012415409088135e-01
-5.330602526664732776e-01,-7.341786026954650879e-01
1.905045986175536887e+00,1.671254038810729980e+00
-1.034607648849487305e+00,-1.362108111381530762e+00
-5.606074333190917969e-01,8.864597976207733154e-02
1.773343384265899381e-01,-3.009607195854187012e-01
-9.582023024559022106e-01,-7.322365641593933105e-01
1.460701584815979004e+00,2.016031444072723389e-01
9.102063775062559925e-01,5.911506712436676025e-02
-5.790021419525146484e-01,-1.005589485168457031e+00
-7.767227888107299805e-01,-8.003895282745361328e-01
-8.037100732326507568e-02,-3.316272497177124023e-01
-5.421230196952819824e-01,-4.808723032474517822e-01
-7.230192422866821289e-01,-1.242801427841186523e+00
1.283843278884887695e+00,7.662328481674194336e-01
-4.071686863899231512e-01,-3.124062120914459229e-01
-9.549271464347840466e-01,-1.661848783493041992e+00
3.446364402770996094e-01,1.058770567178726196e-01
-7.713838815689088024e-01,-1.692603230476379395e-01
-1.522449553012847900e-01,-6.462551355361938477e-01
-3.043826520442962646e-01,3.952488005161285400e-01
1.104606986045837402e+00,8.853926658630371094e-01
1.608239710330963135e-01,8.537548035383224487e-02
-1.161306738853454590e+00,-6.671391725540161133e-01
-7.837666273117066540e-01,-3.827976286411285400e-01
-1.320129394531250000e+00,-9.146157503128051758e-01
4.534344077110291082e-01,7.695527076721191406e-01
2.044777572154998779e-01,2.015990614891052246e-01
-1.332287788391113281e+00,-7.146891355514526367e-01
-5.231450796127319336e-01,-4.967286884784698486e-01
-9.044987559318542480e-01,-7.665070891380310059e-01
-5.645555853843690075e-01,1.322205066680908203e-01
4.642468988895416260e-01,-5.410438030958175659e-02
-1.712474942207336426e+00,-1.179085373878479004e+00
-7.920451462268827958e-02,3.874027431011199951e-01
4.388980865478516180e-01,1.095690250396728516e+00
1.644155144691467285e+00,1.665495991706848145e+00
-6.823265552520753063e-01,-9.834264516830444336e-01
2.856387794017791748e-01,2.834377586841583252e-01
-7.627697587013244629e-01,1.102008372545242310e-01
2.184645414352416992e+00,1.128842234611511230e+00
-5.107407271862030723e-02,4.250811040401458740e-01
-7.993797063827513538e-01,-5.451456904411315918e-01
5.310277640819549561e-02,4.597519636154174805e-01
1.487710475921630859e+00,8.402199149131774902e-01
-7.397090792655945934e-01,-4.622037708759307861e-01
-6.915239095687866211e-01,-6.720082163810729980e-01
-9.989846944808962181e-01,-1.155766606330871582e+00
1.941566109657287598e+00,9.476561546325683594e-01
-2.264405965805053711e+00,-1.648091077804565430e+00
1.062164545059204102e+00,1.230059504508972168e+00
-1.076466798782348633e+00,-3.937538713216781616e-02
1.419694900512695090e+00,1.071871399879455566e+00
-1.069153785705566406e+00,-9.815479516983032227e-01
1.867560297250748236e-01,5.296865105628967285e-01
-1.088266372680664062e+00,-8.381301164627075195e-01
-6.610605120658874512e-01,-9.164862632751464844e-01
-1.041920661926269531e+00,2.209033370018005371e-01
-1.635621070861816406e+00,-1.648090600967407227e+00
-1.689683556556701438e+00,-1.009054899215698242e+00
-8.094743490219117321e-01,-1.220361709594726562e+00
-1.530076712369918823e-01,-6.573108434677124023e-01
2.421196103096008578e-01,-1.602180898189544678e-01
-1.015315651893615501e+00,-1.043919682502746582e+00
-1.937900781631469449e-01,5.813565105199813843e-03
1.022301018238067488e-01,-1.306850314140319824e+00
-1.989047080278396884e-01,-8.277603387832641602e-01
-2.241031169891357422e+00,-1.029095411300659180e+00
-1.063904523849487305e+00,-3.124047517776489258e-01
-7.684676051139830433e-01,-3.658920526504516602e-01
-6.771904230117796464e-02,-1.246350184082984924e-01
-7.940407395362854004e-01,-6.270998716354370117e-01
-1.017783164978027122e+00,1.201312392950057983e-01
1.515616536140441895e+00,7.044151425361633301e-01
-7.241857647895812988e-01,7.906595468521118164e-01
-1.637639999389648438e+00,-1.436248779296875000e+00
-2.329146385192870650e+00,-9.840706586837768555e-01
1.972074508666991965e+00,2.007902860641479492e+00
-2.523175440728664051e-02,-2.482605874538421631e-01
3.826820850372313343e-01,-5.007733106613159180e-01
-6.879795789718627930e-01,-1.242800354957580566e+00
-3.217903077602386475e-01,-2.982066571712493896e-01
1.691398143768310103e+00,1.058771386742591858e-01
1.410384476184844693e-01,3.914653360843658447e-01
-5.657669305801391602e-01,2.493989467620849609e-01
-4.230957925319672741e-01,-6.096850633621215820e-01
1.312915802001953125e+00,7.344849705696105957e-01
8.459146022796630859e-01,8.703477978706359863e-01
4.720534384250640869e-01,-3.193341195583343506e-03
5.616939663887023926e-01,9.066048264503479004e-01
1.746627092361449973e+00,1.866347312927246094e+00
-1.753347158432006614e+00,3.720316886901855469e-01
-3.099459111690521240e-01,-1.687393069267272949e+00
3.128719329833984375e-01,-3.994998335838317871e-01
-1.626109600067138672e+00,-9.855175018310546875e-01
-2.869749665260314386e-01,4.345513880252838135e-03
5.976758003234863281e-01,9.464586973190307617e-01
1.086571216583251953e+00,4.788937270641326904e-01
-4.559370875358582098e-01,-4.967298805713653564e-01
2.983356118202209473e-01,-7.919726520776748657e-02
-3.570991754531860352e-01,-2.366577684879302979e-01
8.207452893257140003e-01,3.114983141422271729e-01
3.593522012233734131e-01,3.042561113834381104e-01
-1.430924683809280396e-01,-1.220364093780517578e+00
-9.188555479049681507e-01,-5.208456516265869141e-01
-3.941129148006439209e-01,2.873773276805877686e-01
-3.030815422534942627e-01,-1.583516299724578857e-01
4.394813477993010919e-01,-1.917167901992797852e-01
-1.776386350393295288e-01,-5.328403711318969727e-01
-7.433879971504211426e-01,-2.805307507514953613e-01
1.536006927490234375e-01,7.227617502212524414e-01
-3.625278472900391180e-01,-5.482389330863952637e-01
2.112681865692138228e+00,-2.276585102081298828e+00
2.023690938949584683e-01,5.893386602401733398e-01
-7.198786735534667969e-01,-3.303654491901397705e-01
-4.147957563400269110e-01,-5.721179246902465820e-01
-7.844845056533812366e-01,-8.600323200225830078e-01
-8.055710792541503906e-01,-1.921195685863494873e-01
2.814663350582122803e-01,-1.108033895492553711e+00
1.449440479278564453e+00,8.116382360458374023e-01
-7.098289132118225098e-01,-7.156828641891479492e-01
2.900804281234740656e-01,-3.009624779224395752e-01
-7.198337912559508167e-01,-8.036189675331115723e-01
-3.065810203552246094e-01,-1.583186388015747070e-01
3.384899199008941650e-01,2.209292054176330566e-01
-5.233693718910217285e-01,7.071833610534667969e-01
5.668983459472657360e-01,5.628942847251892090e-01
1.897171288728713434e-01,3.538236021995544434e-03
5.587328672409056507e-01,6.606882214546203613e-01
8.809094429016114391e-01,1.027196168899536133e+00
-1.689818143844604492e+00,-9.815477132797241211e-01
-1.001811265945434348e+00,-1.847764104604721069e-02
-7.622762322425842285e-01,2.338961362838745117e-01
-1.062693238258361816e+00,-8.324660658836364746e-01
-8.128392696380614124e-01,-5.961244106292724609e-01
4.027816653251647949e-01,-8.277572393417358398e-01
-1.603655517101287842e-01,-3.219616413116455078e-01
-9.677585959434508167e-01,-1.411324024200439453e+00
-3.011523485183715820e-01,-1.792609691619873047e-05
9.550033509731291337e-02,-4.636776149272918701e-01
5.103234052658081055e-01,5.823417305946350098e-01
2.510926425457000732e-01,-3.420865535736083984e-01
-1.344715476036071555e+00,-3.072047233581542969e-01
1.087244153022765891e+00,1.113663434982299805e+00
1.122149229049682617e+00,5.646672248840332031e-01
5.423570871353148304e-01,3.874022960662841797e-01
-9.813078641891479492e-01,-1.700448393821716309e+00
7.567676305770874023e-01,7.058431506156921387e-01
2.347168624401092529e-01,-1.988875269889831543e-01
1.102588057518005149e+00,1.598438739776611328e+00
-1.152872085571289062e+00,-1.122299551963806152e+00
5.299294590950012207e-01,4.726039469242095947e-01
-1.273896694183349609e-01,1.435389220714569092e-01
-3.280265629291533869e-01,3.296426236629486084e-01
-8.129738569259643555e-01,-2.697014212608337402e-01
-7.320820093154907227e-01,-8.790926337242126465e-01
2.590540409088134766e+00,9.476553201675415039e-01
4.370586276054381769e-01,-9.142010211944580078e-01
-2.327620983123779297e+00,-7.823460102081298828e-01
-1.056950449943542480e+00,-6.703892946243286133e-01
6.477004289627075195e-01,2.937046587467193604e-01
-7.305117249488830566e-01,-1.134239211678504944e-01
-6.368117779493331909e-02,-2.586911320686340332e-01
-7.178597450256347656e-01,-2.537949383258819580e-01
-3.256487250328063965e-01,-1.067072868347167969e+00
-1.967398762702941672e+00,-6.276456117630004883e-01
-1.144572138786315918e+00,1.138033866882324219e+00
-5.910493433475493691e-02,-4.502032101154327393e-01
6.337922811508177601e-01,-1.115590855479240417e-01
5.812103152275085449e-01,-1.852397620677947998e-02
-3.581992536783219078e-02,-3.952049612998962402e-01
-1.971840381622314453e+00,-1.348322868347167969e+00
7.071916460990905762e-01,6.701642274856567383e-02
-3.118302524089812677e-01,-9.717433452606201172e-01
3.196465671062468927e-01,-8.721061348915100098e-01
-1.799716204404830655e-01,-1.809248328208923340e-01
1.321305632591247559e+00,1.575589299201965332e+00
-1.367192864418029785e+00,-9.525840282440185547e-01
-2.668753862380980890e-01,3.083964586257934570e-01
-9.250020980834962048e-01,-5.324217081069946289e-01
3.408835649490356445e+00,9.476559162139892578e-01
1.138569951057433860e+00,8.925050497055053711e-01
2.457536756992340088e-01,-1.108034968376159668e+00
-1.646209239959716797e+00,-1.136814236640930176e+00
9.194934368133543812e-01,-1.864273548126220703e-01
-8.080387115478514515e-01,-7.879989147186279297e-01
-8.061543703079222523e-01,-3.219620585441589355e-01
-9.516519904136655494e-01,-1.694383144378662109e+00
1.805646270513534546e-01,8.576053977012634277e-01
-1.366609692573547141e+00,-1.368126273155212402e+00
-1.598427772521972434e+00,-9.685058593750000000e-01
-1.649888157844543457e+00,-8.847090601921081543e-01
5.428954958915710449e-01,1.082727789878845215e+00
-7.459453344345090553e-01,-8.400511145591735840e-01
9.887652397155759498e-01,1.030884027481079102e+00
-9.245534539222716175e-01,-1.029098033905029297e+00
-7.772611975669859730e-01,-7.860537767410278320e-01
-1.135419607162475586e+00,-8.546444177627563477e-01
4.128763079643250067e-01,8.781963586807250977e-01
9.805100560188290126e-01,3.447942733764648438e-01
4.928924143314361572e-02,5.322661995887756348e-02
-3.655338287353516180e-01,3.378390148282051086e-02
-4.832150936126707874e-01,-4.927937090396881104e-01
1.320049405097961426e+00,-5.229257345199584961e-01
4.698101878166198730e-01,1.078161478042602539e+00
4.141774177551270086e-01,-3.325866460800170898e-01
-5.196006894111633301e-01,4.252626746892929077e-02
6.224413514137268066e-01,7.269968986511230469e-01
-4.638782143592832807e-01,1.287171691656112671e-01
-1.590710997581481934e+00,-9.689850807189941406e-01
-1.043849825859069602e+00,-4.657348692417144775e-01
-1.043221712112426758e+00,-1.411322116851806641e+00
1.510882377624511719e-01,1.547727584838867188e-01
9.179680347442625843e-01,2.209011912345886230e-01
-5.178061127662658691e-01,-4.898714125156402588e-01
-3.088476136326789509e-02,-1.692580282688140869e-01
1.744629740715027133e-01,4.202044308185577393e-01
-4.745112359523772083e-01,-3.052950203418731689e-01
2.239940911531448364e-01,5.200688242912292480e-01
1.249297142028808372e+00,-1.246346011757850647e-01
1.047718048095703125e+00,-2.391631901264190674e-02
1.770418323576450695e-02,-6.185891628265380859e-01
-4.566100537776947021e-01,-2.386369705200195312e-01
1.127757430076599121e+00,4.071403443813323975e-01
4.864551424980164129e-01,1.024854898452758789e+00
1.421175479888916016e+00,1.182497978210449219e+00
3.060972988605499268e-01,-3.124575316905975342e-01
-1.660162210464477317e+00,-7.504805326461791992e-01
2.036253213882446567e-01,-9.885098934173583984e-01
2.558034658432006281e-01,4.934755340218544006e-02
9.118215441703796387e-01,1.104698300361633301e+00
-5.187931656837463379e-01,-5.203386545181274414e-01
-1.988575100898742454e+00,-1.112962245941162109e+00
1.765201330184936301e+00,1.059747219085693359e+00
3.879079967737197182e-02,8.263781666755676270e-02
1.978310704231262429e+00,1.342367529869079590e+00
4.096908867359160822e-01,-8.003887534141540527e-01
-1.710142016410827637e+00,-1.306849002838134766e+00
1.309886574745177945e-01,3.017765581607818604e-01
-1.477135866880416870e-01,4.337080419063568115e-01
-4.462462067604064386e-01,3.506718575954437256e-02
7.658752202987670898e-01,5.296882987022399902e-01
-1.088086843490600364e+00,-6.779318451881408691e-01
5.454976558685302734e-01,5.705804377794265747e-02
-1.613525897264480313e-01,4.282600581645965576e-01
4.305298626422881386e-02,1.177754998207092285e-01
4.915249049663544256e-01,2.798690795898437500e-01
-1.052688241004943848e+00,-1.679710447788238525e-01
2.496727466583251953e+00,2.398601293563842773e+00
6.028352975845335804e-01,2.824956178665161133e-01
2.236351668834686557e-01,9.187891483306884766e-01
-9.424097537994383655e-01,-8.385295867919921875e-01
-8.535319566726683460e-01,-2.466766834259033203e-01
2.232313752174377164e-01,8.719899654388427734e-01
3.980259597301483709e-01,2.012858092784881592e-01
-9.898771047592164196e-01,-6.192247867584228516e-01
3.293374180793762762e-01,-4.465046226978302002e-01
-1.767287030816078186e-03,-7.156821489334106445e-01
-8.306506872177124023e-01,-3.124598562717437744e-01
4.283099174499512274e-01,-7.601187229156494141e-01
-7.970467209815980114e-01,-6.302267909049987793e-01
-5.205428600311279297e-01,-4.133002460002899170e-01
1.957739144563674927e-01,-5.026948451995849609e-01
1.193036198616028054e+00,8.775488138198852539e-01
6.657810807228088379e-01,5.156351327896118164e-01
1.647385478019714578e+00,1.104699611663818359e+00
-1.722883701324462669e+00,-7.681751251220703125e-01
-9.921436756849291716e-02,3.976841568946838379e-01
-1.846375912427902499e-01,1.314558088779449463e-01
2.435104250907897949e-01,-7.456392049789428711e-04
-1.349426269531250000e+00,-8.582584261894226074e-01
-3.166756927967071533e-01,-3.138131797313690186e-01
-4.454386234283447266e-01,1.947316527366638184e-01
-1.605561375617980957e+00,-1.053436040878295898e+00
5.651934742927551270e-01,1.044448852539062500e+00
2.778771221637725275e-01,1.947323977947235107e-01
5.253980755805969238e-01,9.711554050445556641e-01
1.660800099372863770e+00,1.705171346664428711e+00
-5.061411857604980469e-01,-4.660809934139251709e-01
4.246309697628020685e-01,9.963207840919494629e-01
-2.990885674953460693e-01,-7.205494642257690430e-01
-1.120009273290633878e-01,3.268549442291259766e-01
9.381573796272275612e-01,6.668370366096496582e-01
-1.007284760475158691e+00,-8.818536996841430664e-01
-9.755435585975648360e-02,6.186693310737609863e-01
3.909821212291718084e-01,2.837590873241424561e-01
2.046250039711594148e-03,-1.492979407310485840e+00
5.154380202293394886e-01,4.229981005191802979e-01
-2.263015031814575195e+00,-1.648092031478881836e+00
4.400197267532349188e-01,6.401171684265136719e-01
-2.541121467947959553e-02,-6.458995342254638672e-01
-6.390765905380247913e-01,-1.627300977706909180e-01
-4.291525781154633123e-01,2.209029793739318848e-01
2.212775945663452148e+00,7.780455350875854492e-01
-9.194836616516112171e-01,-9.142029285430908203e-01
-7.103905826807020707e-02,3.081627190113067627e-01
1.065394878387451172e+00,8.390842080116271973e-01
-1.454859375953674094e+00,-5.512858629226684570e-01
1.133096337318420410e+00,6.606887578964233398e-01
-8.387049287557603316e-02,5.325862169265747070e-01
7.366679906845091663e-01,2.256216704845428467e-01
1.584461182355881015e-01,2.192622423171997070e-01
-3.431461155414580744e-01,7.260921597480773926e-01
-1.037748217582702637e+00,-4.160283505916595459e-01
1.041033148765563965e+00,2.000562846660614014e-01
3.992373049259185791e-01,1.007034659385681152e+00
-1.658816337585449219e+00,-1.137591838836669922e+00
1.739403843879699485e+00,7.798146009445190430e-01
1.833216905593872070e+00,9.085218906402587891e-01
4.455381333827972967e-01,9.877998828887939453e-01
-1.994430869817733765e-01,3.267580866813659668e-01
3.525775671005248468e-01,2.068461105227470398e-02
-6.647394299507141113e-01,-1.364956736564636230e+00
-4.831253588199617144e-01,6.701525300741195679e-02
-1.154532194137573242e+00,-6.671375036239624023e-01
4.027367830276489258e-01,-6.020989418029785156e-01
-6.507200002670286698e-02,3.937333822250366211e-01
6.865985393524169922e-01,-5.077310204505920410e-01
-1.666084408760070579e+00,-1.110654234886169434e+00
4.584592878818511963e-01,1.032406806945800781e+00
-1.463652968406677024e+00,-1.098799467086791992e+00
-3.003232367336750031e-02,-4.972981661558151245e-02
6.566286087036132812e-01,7.392091304063796997e-02
-9.622850418090820312e-01,-9.556760787963867188e-01
2.753198146820068359e-01,1.027195930480957031e+00
-2.397553063929080963e-02,1.216547414660453796e-01
-6.907163262367248535e-01,1.179252028465270996e+00
-7.311398386955261230e-01,-6.357181072235107422e-01
2.415431737899779829e+00,1.570188522338867188e+00
-1.530525386333465576e-01,1.740363538265228271e-01
-3.876971900463104248e-01,-5.641617774963378906e-01
1.346227377653121948e-01,6.626446247100830078e-01
-1.635082602500915305e+00,-2.005686521530151367e+00
4.506078958511353094e-01,1.044121265411376953e+00
-7.235127687454222523e-01,-8.493205159902572632e-02
-2.264519035816192627e-01,-1.887232065200805664e-05
2.878574609756469727e+00,1.705170750617980957e+00
1.257731676101684348e+00,1.196098804473876953e+00
2.657209873199462891e+00,2.768678665161132812e+00
-1.939695328474044800e-01,8.016698956489562988e-01
-4.204936325550079346e-01,4.635187685489654541e-01
2.001147031784057617e+00,-1.246333941817283630e-01
-9.833267927169802025e-01,-1.130510330200195312e+00
5.952082276344300427e-01,8.818289637565612793e-01
1.063734889030456321e+00,7.145487070083618164e-01
-3.666105866432189386e-01,-9.815478324890136719e-01
-9.306999444961547852e-01,-1.148083806037902832e+00
1.270405203104019165e-01,-1.718813776969909668e-01
-4.555781483650208075e-01,-2.532594203948974609e-01
1.989751338958740012e+00,2.660723328590393066e-01
-2.750408351421356201e-01,-9.515466690063476562e-01
3.803939521312713623e-01,-3.138119876384735107e-01
-8.045392036437988281e-01,-7.109687924385070801e-01
2.247119247913360318e-01,-1.864267587661743164e-01
1.199092984199523926e+00,1.492443323135375977e+00
1.308092027902603149e-01,1.115260481834411621e+00
1.425706863403320312e+00,5.322640389204025269e-02
-7.232884168624877930e-01,-9.813646078109741211e-01
-1.039408206939697266e+00,-4.058028161525726318e-01
1.891554147005080830e-02,1.105471849441528320e-01
7.317777276039123535e-01,6.093112826347351074e-01
-1.113525390625000000e+00,-8.415019512176513672e-01
-1.102488636970520020e+00,-1.109247684478759766e+00
6.399836540222167969e-01,-3.235174119472503662e-01
1.347731232643127219e+00,9.246736764907836914e-01
-4.690825641155241810e-01,-1.108031868934631348e+00
-3.377622961997985285e-01,2.837600111961364746e-01
3.014740228652954102e+00,2.642281055450439453e+00
-2.590688467025756836e-01,-1.809241771697998047e-01
1.544913530349731667e+00,6.093098521232604980e-01
1.076700925827026367e+00,1.016375780105590820e+00
5.616491436958311878e-01,1.117611050605773926e+00
-1.015629649162292480e+00,-9.309505820274353027e-01
1.644334673881530762e+00,1.030475974082946777e+00
-3.496515750885009766e-01,-9.885091781616210938e-01
-3.738787472248076837e-01,-8.630203008651733398e-01
-1.091361999511718528e+00,-9.667732715606689453e-01
-7.978543043136594459e-01,-7.582033276557922363e-01
-1.722749114036559837e+00,-1.109246969223022461e+00
-6.100039482116699219e-01,-3.838388621807098389e-02
-1.309340149164200107e-01,-4.239527285099029541e-01
1.059217029251158237e-03,4.404825270175933838e-01
2.693371295928955078e+00,1.513056993484497070e+00
-6.055623292922972523e-01,-9.188001751899719238e-01
4.407824277877808172e-01,9.318624138832092285e-01
3.072481632232666016e+00,2.638665437698364258e+00
5.286283493041992188e-01,6.258578300476074219e-01
-1.085708975791931152e+00,-5.239429473876953125e-01
-5.395208597183227539e-01,5.118285492062568665e-02
1.116944909095763938e+00,7.990667819976806641e-01
-4.925918877124785822e-01,-1.175046920776367188e+00
1.461082100868225098e-01,-2.000452280044555664e-01
-2.247222661972045010e+00,-9.875684976577758789e-01
6.065590977668762207e-01,6.951025724411010742e-01
-1.060674309730529563e+00,-1.134932756423950195e+00
1.276036739349365234e+00,1.093204021453857422e+00
1.149517059326172097e+00,2.861394882202148438e-01
4.174525737762451172e-01,-2.751787006855010986e-01
-1.105180501937866211e+00,-1.116545319557189941e+00
4.812274500727652810e-02,-9.164873957633972168e-01
-1.163528487086295943e-01,-1.073963567614555359e-01
8.634784072637557983e-02,-2.092238366603851318e-01
-7.945791482925413929e-01,3.612719476222991943e-01
4.207277297973632257e-01,-6.234204769134521484e-01
-1.043580651283263938e+00,-7.765818834304809570e-01
-1.122139453887939453e+00,-9.808977842330932617e-01
-1.592887938022613803e-01,2.446306943893432617e-01
-5.127812027931213379e-01,5.855970382690429688e-01
2.378059148788452148e+00,1.033213973045349121e+00
3.111221790313721258e-01,2.177408039569854736e-01
-1.050759077072143555e+00,-1.679701507091522217e-01
8.314680457115173340e-01,1.199013113975524902e+00
3.765355646610260010e-01,-3.284243345260620117e-01
8.604958057403564453e-01,1.578344583511352539e+00
1.195929124951362471e-01,4.087192118167877197e-01
-3.385698795318603516e-01,-3.382141590118408203e-01
1.035604476928710493e+00,6.095863580703735352e-01
1.972311362624168396e-02,-1.242801666259765625e+00
1.339161992073059304e+00,1.379783272743225098e+00
-4.233649969100952704e-01,2.316091954708099365e-01
-2.768354415893554688e-01,-6.362577676773071289e-01
-5.028660297393798828e-01,-9.885110855102539062e-01
-1.369166970252990723e+00,-1.692593395709991455e-01
5.878055095672608532e-01,7.633445262908935547e-01
-6.344554424285888672e-01,6.790789365768432617e-01
1.010187417268753052e-01,6.609833836555480957e-01
-2.753100395202637274e-01,-1.962458491325378418e-01
-3.778268694877625067e-01,6.395520567893981934e-01
8.699174523353575550e-01,-2.000457942485809326e-01
-4.737036824226379950e-01,-1.134931564331054688e+00
4.305083155632019043e-01,7.060452699661254883e-01
-1.365654915571212769e-02,-8.344743251800537109e-01
8.605406880378724255e-01,8.374903798103332520e-01
-3.636046350002288263e-01,-3.889103829860687256e-01
-7.895093560218811035e-01,-6.113762259483337402e-01
2.610236167907715288e+00,9.599756002426147461e-01
-1.177772283554077148e+00,-6.017943024635314941e-01
6.591859459877015270e-01,1.728588342666625977e-02
4.088384509086608332e-01,-3.071844875812530518e-01
-1.449026942253112793e+00,-2.033195972442626953e+00
1.728277325630187988e+00,1.069316506385803223e+00
-8.055262565612794079e-01,-1.809238195419311523e-01
-8.402518630027770996e-01,-4.502016603946685791e-01
-7.662243843078612171e-01,-1.787872612476348877e-01
-1.596543431282043457e+00,-1.265861392021179199e+00
4.730404615402221125e-01,3.607977628707885742e-01
5.699940323829650879e-01,1.161599993705749512e+00
1.087244153022765891e+00,1.253255248069763184e+00
8.222706913948059082e-01,1.023467898368835449e+00
2.740187048912047785e-01,-8.721069097518920898e-01
-3.423834145069122314e-01,-9.885104894638061523e-01
5.521377325057983398e-01,-1.692596971988677979e-01
1.958121418952941672e+00,8.466085195541381836e-01
1.702905148267745972e-01,-2.322712540626525879e-01
-8.900843560695648193e-03,2.555791139602661133e-01
8.733272552490234375e-01,1.101491570472717285e+00
1.026272535324096680e+00,3.958428502082824707e-01
1.005679368972778320e+00,-1.685204207897186279e-01
5.952531099319456898e-01,1.204195022583007812e+00
7.747136354446412243e-01,1.547735035419464111e-01
-2.501406967639923096e-01,-1.100508123636245728e-02
-6.193358898162841797e-01,-1.472365260124206543e-01
-8.687645196914672852e-02,5.270975232124328613e-01
1.400941252708435059e+00,8.864651620388031006e-02
1.398719549179076871e-01,-3.818765282630920410e-02
-1.783564686775207797e-01,-1.921201050281524658e-01
4.458521902561187744e-01,3.200856149196624756e-01
2.276730239391326627e-01,-5.138159990310668945e-01
9.289815276861189408e-02,5.118365585803985596e-02
5.529452562332153320e-01,-7.386656403541564941e-01
-7.692751884460449219e-01,-5.073986053466796875e-01
-9.779429435729981579e-01,-4.826251566410064697e-01
-2.636002302169800360e-01,-1.814976930618286133e-01
2.048569440841674805e+00,1.129153490066528320e+00
1.329695463180542214e+00,4.429301321506500244e-01
-4.893167316913604181e-01,-8.547681570053100586e-01
-1.054506227374076704e-01,-5.245866775512695312e-01
-9.350967407226560280e-01,-1.053432583808898926e+00
-4.806129038333892267e-01,-3.211739361286163330e-01
-1.347924172878265381e-01,-7.781946659088134766e-01
7.361296415328979492e-01,-8.818412572145462036e-02
-8.081284165382386364e-01,-2.528051435947418213e-01
1.014786958694457786e+00,1.030883789062500000e+00
-9.508677572011947632e-02,4.071394205093383789e-01
2.281880751252174377e-02,8.864508569240570068e-02
1.886606335639953613e+00,8.210263848304748535e-01
3.605186939239501398e-01,-3.262510299682617188e-01
1.477615714073181152e+00,1.239368319511413574e+00
-9.719543904066084428e-02,-1.246340200304985046e-01
-1.676493167877197044e+00,-1.214811801910400391e+00
-2.741435468196868341e-01,-5.609874725341796875e-01
-1.070948362350463867e+00,-2.614381313323974609e-01
6.647492051124571644e-01,7.276354432106018066e-01
7.741968333721160889e-02,7.392331212759017944e-02
-1.556478857994079812e+00,-1.440157890319824219e+00
1.021427035331726074e+00,4.432014748454093933e-02
1.897619813680649081e-01,-5.700419098138809204e-02
-9.744434952735899769e-01,-5.007747411727905273e-01
-3.479915559291840155e-01,-3.179448843002319336e-01
-5.427062511444091797e-01,2.493979334831237793e-01
6.138272881507873535e-01,2.637179791927337646e-01
1.129776358604431152e+00,1.044450044631958008e+00
-4.540975987911223810e-01,1.379982829093933105e-01
-2.325602054595947266e+00,-6.703892946243286133e-01
-2.728424370288848877e-01,-1.917176246643066406e-01
-1.704847931861877663e+00,-1.134929656982421875e+00
8.765126466751097523e-01,7.947995662689208984e-01
-9.490049481391905628e-01,-6.752917766571044922e-01
-1.053271532058716042e+00,-8.260105848312377930e-01
6.172819137573242188e-01,5.914481282234191895e-01
-1.648497343063354492e+00,-7.205511331558227539e-01
9.021306633949279785e-01,6.897869706153869629e-01
-3.575478196144103449e-01,1.028208136558532715e+00
2.841582298278808594e-01,1.379986554384231567e-01
2.013305425643920898e+00,2.580652952194213867e+00
-6.943504214286804199e-01,-5.490033030509948730e-01
1.232786655426025391e+00,1.123538494110107422e+00
2.651354074478148859e-01,5.422829389572143555e-01
4.602987766265869141e-01,-9.142007827758789062e-01
1.098236203193664107e+00,1.378918170928955078e+00
1.604135513305664062e+00,-8.986741304397583008e-04
-9.450352936983104357e-02,5.190026760101318359e-01
-9.408394694328308105e-01,-1.648088455200195312e+00
-1.390208721160888672e+00,-1.311139583587646484e+00
-1.075210571289062500e+00,-4.410878121852874756e-01
1.682873725891113281e+00,1.082727789878845215e+00
-4.468743205070496161e-01,1.376263350248336792e-01
3.930584993213415146e-03,4.913388192653656006e-02
-9.414460510015487671e-02,2.047278881072998047e-01
-1.082658171653747337e+00,-4.636779129505157471e-01
7.138765454292297363e-01,5.175907611846923828e-01
1.019946455955505149e+00,1.121253728866577148e+00
2.094129174947738370e-01,-4.912242591381072998e-01
-1.866116523742675781e-01,-5.961247682571411133e-01
1.282407522201538086e+00,-1.921189427375793457e-01
-1.082972288131713867e+00,-2.830645143985748291e-01
6.658259630203247070e-01,1.456012576818466187e-01
3.296089649200439897e+00,2.173442840576171875e+00
-5.414500236511230469e-01,-4.525043070316314697e-03
-1.382850885391234907e+00,-1.293105125427246094e+00
-4.184746742248535156e-01,-5.150102972984313965e-01
8.215977549552916370e-01,5.200642943382263184e-01
-1.038286566734313965e+00,-1.253811717033386230e-01
4.406029880046845038e-01,-1.440161228179931641e+00
2.924134135246276855e-01,4.614855349063873291e-01
-3.029021024703979492e-01,3.538582921028137207e-01
1.779961943626403809e+00,8.775484561920166016e-01
-1.858040839433670044e-01,-5.410375446081161499e-02
-2.254311323165893111e+00,-1.540710330009460449e+00
-4.486689269542694647e-01,-9.566981792449951172e-01
8.521957397460937500e-01,-3.759809136390686035e-01
-1.985009163618088046e-01,-6.302282810211181641e-01
-1.766088843345642090e+00,-8.381319046020507812e-01
1.301699519157409668e+00,9.014105200767517090e-01
-1.081177592277526855e+00,2.669204175472259521e-01
-1.370019435882568137e+00,-7.177695631980895996e-01
-7.618275880813598633e-01,-5.463970303535461426e-01
-7.083034515380859375e-01,-2.714504599571228027e-01
-1.383882761001586914e+00,-7.889029979705810547e-01
3.969043195247649591e-01,7.895339727401733398e-01
-1.070140838623046653e+00,5.147343277931213379e-01
-8.586787618696691340e-03,-7.386654019355773926e-01
7.685671448707580566e-01,7.812235951423645020e-01
-3.675976097583770197e-01,-5.874268710613250732e-03
1.020036220550537109e+00,4.688368141651153564e-01
-2.657088935375213623e-01,3.914665877819061279e-01
-1.670750379562377930e+00,-1.084069490432739258e+00
8.760406821966171265e-02,2.163152098655700684e-01
-5.055130720138548694e-01,-1.199685811996459961e+00
5.410111546516417347e-01,-1.921199858188629150e-01
2.350332498550415039e+00,3.333376944065093994e-01
9.805549383163454369e-01,1.192874550819396973e+00
-1.338951140642166138e-01,1.019161567091941833e-01
-3.135800063610076904e-01,-3.325851261615753174e-01
2.690386772155761719e-01,6.897858977317810059e-01
7.652919888496398926e-01,5.343268811702728271e-02
-7.139564752578735352e-01,-1.358339548110961914e+00
-1.063007235527038352e+00,-1.023925542831420898e+00
-7.329792976379393421e-01,-6.835285425186157227e-01
-2.815911471843719482e-01,-6.575413942337036133e-01
6.050336956977844238e-01,7.479091882705688477e-01
5.358965396881103516e-01,-2.586918175220489502e-01
1.778727322816848755e-01,-1.987817585468292236e-01
1.235613226890563965e+00,7.203570604324340820e-01
-1.453199386596679688e+00,-8.036183118820190430e-01
8.100673556327820934e-01,9.327009916305541992e-01
8.706568926572798295e-02,6.472658514976501465e-01
1.004333376884460671e+00,1.000306487083435059e+00
-1.148834228515625000e+00,-7.985578775405883789e-01
6.715686917304992676e-01,1.359944343566894531e+00
3.608776330947875977e-01,9.504057765007019043e-01
-5.495706200599671520e-01,-8.137753605842590332e-01
-1.401335239410400613e+00,-7.742432951927185059e-01
-4.112962782382964533e-01,2.824939787387847900e-01
1.848716884851455966e-01,8.456181287765502930e-01
-1.419460773468017578e+00,-1.839110016822814941e+00
-1.418698072433471902e+00,-4.502006471157073975e-01
1.324760198593139426e+00,1.151319622993469238e+00
-1.444136619567871094e+00,-7.109690308570861816e-01
7.708552479743956409e-01,-9.875690937042236328e-01
1.648618280887603482e-01,6.860275268554687500e-01
-7.655513882637023926e-01,-2.119805514812469482e-01
-1.590845584869384988e+00,-1.029097437858581543e+00
-3.958859667181967995e-02,5.872246026992797852e-01
-3.549007773399353027e-01,1.788851916790008545e-01
9.030728340148925781e-01,2.046597301959991455e-01
3.937188982963561457e-01,1.878605782985687256e-01
1.326106190681457520e+00,9.085213541984558105e-01
1.766995906829833984e+00,1.955950498580932617e+00
1.598482489585876465e+00,1.108391404151916504e+00
-5.291121006011961780e-01,6.334067136049270630e-02
-1.810932457447052280e-01,-2.141140401363372803e-01
1.549085974693298562e+00,3.753527104854583740e-01
-1.783116012811660767e-01,-1.872141957283020020e-01
8.517919778823852539e-01,-7.205518484115600586e-01
1.308519124984741211e+00,1.474670886993408203e+00
-1.051701188087463157e+00,-9.711291790008544922e-01
9.325940608978271484e-01,-8.721066117286682129e-01
-4.818116780370473862e-03,-3.057470917701721191e-01
4.541073739528656006e-01,-6.931099891662597656e-01
7.482880949974061169e-01,1.656125485897064209e-01
-1.703681468963623047e+00,-5.482394099235534668e-01
-3.796663582324982245e-01,-2.645632028579711914e-01
-1.077678203582763672e+00,1.033215165138244629e+00
-1.094884797930717468e-01,-1.187369003891944885e-01
-1.369929671287536621e+00,-5.512851476669311523e-01
2.472679615020751953e+00,2.137734889984130859e+00
-2.258471027016640056e-02,6.975000500679016113e-01
-1.661531478166580200e-01,3.755334615707397461e-01
-5.202736854553222656e-01,6.582719683647155762e-01
-2.259425878524779829e+00,-2.008900880813598633e+00
-7.967326641082763672e-01,-1.024539589881896973e+00
5.566242337226867676e-01,5.646679997444152832e-01
1.408658027648925559e+00,-1.648088335990905762e+00
-4.493867754936217707e-01,1.265706270933151245e-01
3.545067608356475830e-01,-9.990490674972534180e-01
-1.021417260169982910e+00,-5.765498876571655273e-01
1.960431039333343783e-01,1.630429983139038086e+00
4.367894232273101252e-01,-9.142003059387207031e-01
-1.571801304817199707e-01,-2.586909532546997070e-01
5.541566610336303711e-01,-1.921199560165405273e-01
-7.432982921600339576e-01,-1.076910868287086487e-01
-2.989539504051208496e-01,-9.573110342025756836e-01
6.296197772026062012e-01,5.971164703369140625e-01
-1.028371334075927512e+00,2.209018766880035400e-01
8.012289404869078480e-01,1.115929484367370605e+00
-7.023364305496215820e-01,-5.512856245040893555e-01
-1.067314267158508523e+00,-1.386828541755676270e+00
1.778571128845214844e+00,9.384781122207641602e-01
-2.269116878509521484e+00,-1.440160393714904785e+00
-1.615745782852172852e+00,-9.717445373535156250e-01
1.410587310791015625e+00,1.630429983139038086e+00
1.162707328796386719e+00,5.419309139251708984e-01
-1.084811687469482422e+00,-1.199672698974609375e+00
-8.551470637321472168e-01,-2.412051260471343994e-01
3.430213034152985174e-01,-1.089863181114196777e+00
3.136346340179443914e-01,3.385743498802185059e-01
7.846288681030273438e-01,1.038352727890014648e+00
8.495702594518661499e-02,-4.993716776371002197e-01
9.693601727485658126e-02,-2.080263197422027588e-02
-2.947366237640380859e-01,-2.697016000747680664e-01
-2.884106636047362726e-01,-3.325868546962738037e-01
7.168376445770263672e-01,-2.372435927391052246e-01
2.472790926694869995e-01,2.873757481575012207e-01
2.361817836761474609e+00,2.277019977569580078e+00
-1.643651843070983665e+00,-9.717423915863037109e-01
3.616529051214456992e-03,1.398327350616455078e-01
-1.002125263214111106e+00,-9.815484285354614258e-01
1.984726428985595925e+00,1.825938820838928223e+00
8.314231634140013538e-01,8.654103279113769531e-01
1.776193261146545188e+00,1.455036520957946777e+00
7.181835770606993519e-01,9.220740795135498047e-01
-1.656528115272521973e+00,-1.004023432731628418e+00
1.383802771568298340e+00,1.630430340766906738e+00
3.567051589488983154e-01,3.568213880062103271e-01
-1.416903495788574219e+00,-2.586934268474578857e-01
5.922920107841491699e-01,7.137972116470336914e-01
1.067817568778991699e+00,-2.389106899499893188e-02
-1.029358386993408203e+00,-5.150117278099060059e-01
-8.991149067878723145e-01,-9.685046672821044922e-01
-5.130055546760559082e-01,-8.818601816892623901e-02
9.276355803012850676e-02,-2.532612085342407227e-01
1.450023770332336426e+00,9.327006340026855469e-01
-9.011338353157043457e-01,-2.488948404788970947e-01
9.976252168416976929e-02,6.582723855972290039e-01
9.209058433771132035e-02,6.237720251083374023e-01
-9.243739843368530273e-01,-9.685029983520507812e-01
-1.772797107696532926e-01,-7.406898587942123413e-02
1.451211720705032349e-01,7.220447063446044922e-01
1.053101897239685059e+00,6.227692365646362305e-01
5.297499895095825195e-01,-4.502010047435760498e-01
-1.319659203290939331e-01,5.124902129173278809e-01
6.855217814445495605e-01,1.177750378847122192e-01
1.066965222358703613e+00,1.745655417442321777e+00
1.077329039573669434e+00,1.040029883384704590e+00
1.605099141597747803e-01,4.770995080471038818e-01
-1.674991101026535034e-01,-4.169573187828063965e-01
-3.432807326316833496e-01,5.990635752677917480e-01
3.819193840026855469e-01,-7.968758940696716309e-01
3.529131785035134056e-02,-2.026477456092834473e-01
-2.821295261383056641e-01,-2.706561088562011719e-01
6.979045271873473011e-01,-1.692590713500976562e-01
4.450894892215728760e-01,9.708267450332641602e-01
4.028265178203583319e-01,1.059747576713562012e+00
-7.882083058357237659e-01,-7.860572338104248047e-01
3.447261750698089600e-01,2.794671058654785156e-01
-1.064084053039550781e+00,-9.885106086730957031e-01
-9.436211585998536266e-01,-1.440158963203430176e+00
-1.656707644462585449e+00,7.693133503198623657e-02
3.152264654636383057e-02,4.731304943561553955e-01
-2.805143892765045166e-01,-8.277598619461059570e-01
8.836677670478819413e-02,-2.080357819795608521e-02
-3.001653254032135010e-01,5.936214327812194824e-01
-9.692624211311341720e-02,3.612722456455230713e-01
-7.593151330947877087e-01,2.126564085483551025e-01
-1.299469918012619019e-01,-2.888759672641754150e-01
7.811742424964903675e-01,8.573498725891113281e-01
4.009188711643218300e-02,-3.874416053295135498e-01
1.847370862960815707e-01,-7.417302578687667847e-02
1.156246781349181907e+00,7.137989997863769531e-01
-1.595131158828735352e-01,-3.575352132320404053e-01
-1.432965159416198508e+00,-2.141169011592864990e-01
6.184483766555786133e-01,5.866368412971496582e-01
7.835521101951598011e-01,6.318761110305786133e-01
5.866605415940284729e-02,4.903540760278701782e-02
-1.148722991347312788e-01,-1.073965057730674744e-01
-1.173847466707229753e-01,6.275916099548339844e-01
-6.186180710792541504e-01,-6.276447176933288574e-01
-4.787734448909761187e-01,1.379992663860321045e-01
-1.769441179931163788e-02,7.599253058433532715e-01
7.755212187767026588e-01,3.055170178413391113e-01
1.481788277626037820e+00,1.360883831977844238e+00
3.144422173500061035e-01,3.958422839641571045e-01
-5.156077146530152477e-01,1.229363158345222473e-01
1.153307259082794051e-01,2.192647457122802734e-01
-2.314767986536026001e-01,2.739749848842620850e-01
9.585710167884824440e-01,3.843658864498138428e-01
-5.049297809600831188e-01,-9.916898012161254883e-01
3.966799974441528320e-01,1.241047501564025879e+00
5.127909779548645020e-01,2.263376414775848389e-01
-2.394179254770278931e-01,2.382766902446746826e-01
-1.041046679019927979e-01,5.971158742904663086e-01
6.782984733581544079e-01,-1.718823313713073730e-01
-2.574088573455810547e-01,7.310350537300109863e-01
-7.538415789604187012e-01,-2.396356761455535889e-01
1.585807204246520996e-01,9.454566985368728638e-02
6.113597154617308460e-01,7.265141010284423828e-01
-1.687485098838805930e+00,-8.042309284210205078e-01
1.486992597579955833e+00,2.338124215602874756e-01
-1.286010295152663907e-01,7.683447599411010742e-01
1.802057176828384122e-01,-7.122192978858947754e-01
1.847887754440307617e+00,1.738423824310302734e+00
-3.609575927257537287e-01,3.209856748580932617e-01
2.627126872539520264e-01,1.725659221410751343e-01
-1.426438242197036743e-01,-2.635276913642883301e-01
2.067658752202988226e-01,4.592511653900146484e-01
2.968550622463225763e-01,-4.537670314311981201e-01
-1.632704734802246094e+00,-1.648091554641723633e+00
-2.837231382727622639e-02,7.137992978096008301e-01
-1.665366649627685769e+00,-1.742688655853271484e+00
1.620197176933288352e+00,1.027195215225219727e+00
1.366631966084241694e-02,-1.053434133529663086e+00
2.312511205673217773e+00,1.082726836204528809e+00
-2.004681587219238281e+00,-1.839108943939208984e+00
1.358789503574371338e-01,-3.952042162418365479e-01
2.133140325546265093e+00,1.141676187515258789e+00
-2.006610870361328125e+00,-8.600347042083740234e-01
1.198195695877075417e+00,4.727467894554138184e-01
-7.223911285400389515e-01,-1.017364501953125000e+00
1.233145594596863015e+00,7.137981653213500977e-01
-1.079113841056823508e+00,-7.453454732894897461e-01
1.334810018539428711e+00,1.345732212066650391e+00
-4.817793965339660089e-01,-9.495563507080078125e-01
-1.099886417388916016e+00,-4.248840212821960449e-01
4.767194092273712158e-01,5.103060007095336914e-01
-9.687007665634156384e-01,-5.906262397766113281e-01
-4.669290482997893732e-01,-6.822045445442199707e-01
3.107183873653411865e-01,7.728602886199951172e-01
7.683643698692321777e-02,6.723077595233917236e-02
2.205394655466079989e-01,1.091165065765380859e+00
-8.714564144611358643e-02,-7.156851291656494141e-01
-1.719294548034667969e+00,-1.755984783172607422e+00
-4.541424810886383057e-01,-9.935932606458663940e-02
-1.001003623008728027e+00,3.617947399616241455e-01
8.603612184524536133e-01,1.630429983139038086e+00
3.796312510967255194e-01,-1.809244453907012939e-01
5.140920877456663929e-01,6.315165162086486816e-01
-4.820270463824272156e-02,-1.396632939577102661e-02
-1.696077734231948853e-01,-6.758562326431274414e-01
-1.667654752731323242e+00,-1.490826845169067383e+00
1.109048724174499512e+00,9.504049420356750488e-01
7.526615262031555176e-02,2.497726082801818848e-01
1.349839806556701660e+00,6.790786981582641602e-01
9.644483327865599476e-01,1.078163623809814453e+00
4.937233030796051025e-01,6.268943548202514648e-01
8.090354800224305309e-01,1.428891062736511230e+00
8.753013014793395996e-01,2.681922614574432373e-01
-1.442880392074584961e+00,-5.451451539993286133e-01
-1.670391559600830078e+00,-7.823480367660522461e-01
8.608547449111937366e-01,8.992236852645874023e-01
5.141944158822298050e-03,-8.344717025756835938e-01
5.766789317131041370e-01,-7.800456136465072632e-02
8.599125742912292480e-01,4.869811832904815674e-01
3.036296963691711426e-01,2.315768599510192871e-01
4.684193730354309082e-01,1.297471046447753906e+00
-3.471391201019287109e-01,-2.252101600170135498e-01
6.034185886383056641e-01,3.796562552452087402e-03
-1.673218011856079324e+00,-1.054515361785888672e+00
7.952834665775299072e-02,4.404818713665008545e-01
1.505498588085174561e-01,4.553073644638061523e-01
1.449216127395629883e+00,1.144593119621276855e+00
-9.909538626670836292e-01,3.753516077995300293e-01
7.383047044277191162e-02,8.564624190330505371e-02
-7.908553481101988636e-01,-5.545721650123596191e-01
-5.203633904457092285e-01,-2.322722077369689941e-01
-7.679292559623718262e-01,-1.202216863632202148e+00
3.624927699565888006e-01,3.844862282276153564e-01
1.287453919649124146e-01,-1.614916622638702393e-01
-8.297085165977478027e-01,-2.706562280654907227e-01
3.518148660659790039e-01,6.992905139923095703e-01
-7.899131774902341530e-01,3.463183343410491943e-01
-9.696877598762512207e-01,-9.811060875654220581e-02
8.544390201568603516e-01,1.819455772638320923e-01
1.302372574806213157e+00,1.211970090866088867e+00
2.632623910903930220e+00,3.197651386260986328e+00
-6.784232854843139648e-01,8.651521056890487671e-03
1.019587635993957520e+00,3.289157748222351074e-01
-7.461696863174438477e-01,-2.847709059715270996e-01
-2.845073938369750421e-01,1.245678961277008057e-01
-1.656976819038390891e+00,-1.010804057121276855e+00
5.221229195594787598e-01,3.040224611759185791e-01
1.244137644767761453e+00,6.138572096824645996e-01
-7.298836112022399902e-01,-8.160516023635864258e-01
1.228031039237976074e+00,2.404028415679931641e+00
1.312129795551300326e-01,-1.099285602569580078e+00
2.633408010005950373e-01,1.947308778762817383e-01
-7.771266102790832520e-01,-5.336115360260009766e-01
-2.264070361852645874e-01,-1.709139347076416016e-01
6.713443994522094727e-01,5.589984059333801270e-01
9.312248229980467362e-02,1.108390927314758301e+00
-3.844220638275145374e-01,-4.248835146427154541e-01
6.207813620567321777e-01,6.608706712722778320e-01
1.360135525465011874e-01,-1.960067451000213623e-02
-5.230104327201843262e-01,-2.322712540626525879e-01
-1.045599579811096191e+00,-5.588984489440917969e-01
1.750013530254364291e-01,6.093102693557739258e-01
7.638562917709349476e-01,4.636394381523132324e-01
-7.681535482406616211e-01,-4.771988093852996826e-01
-6.759557127952575684e-01,-2.243036776781082153e-02
-6.313597559928895153e-01,1.091168045997619629e+00
-5.940319895744323730e-01,9.800360202789306641e-01
-1.088042020797729492e+00,-1.109245419502258301e+00
3.762663602828978937e-01,6.267589330673217773e-01
-1.060539722442626731e+00,-1.056714892387390137e+00
1.164523512125015259e-01,1.201310381293296814e-01
-7.301312685012817383e-02,7.657639682292938232e-02
-2.727527320384979248e-01,4.208412766456604004e-01
2.271795123815536499e-01,1.147514283657073975e-01
-4.646857678890228271e-01,-9.121721237897872925e-02
-3.623484075069426935e-01,-1.847540587186813354e-02
1.299770355224609153e+00,7.060465216636657715e-01
8.256356120109558105e-01,-1.189060449600219727e+00
-5.093714594841004528e-01,6.460864841938018799e-02
-1.766515970230102539e-01,1.140117645263671875e+00
4.410964846611023504e-01,-9.689860343933105469e-01
-7.689611315727234997e-01,3.592079579830169678e-01
4.168244600296020508e-01,-1.155766963958740234e+00
-1.750364452600479126e-01,2.342678606510162354e-01
-4.563408792018889826e-01,-1.099626049399375916e-01
-4.465835914015769265e-02,2.325491011142730713e-01
8.877056092023848100e-02,-4.019377380609512329e-02
-5.389824509620666504e-01,-1.903634667396545410e-01
-2.046923041343688965e-01,-6.931104063987731934e-01
8.335318565368653454e-01,5.389792323112487793e-01
-1.334441304206847922e+00,-1.242803692817687988e+00
-1.629160404205322266e+00,-7.514661550521850586e-01
9.141993522644044079e-01,3.446436524391174316e-01
-6.219829320907592773e-01,4.814551770687103271e-02
1.090496033430099487e-01,3.155334293842315674e-01
2.163244724273681641e+00,7.044156789779663086e-01
-1.688001900911331177e-01,3.539172559976577759e-02
-3.351152539253234308e-01,-9.815465211868286133e-01
-2.282465100288391113e-01,2.513423562049865723e-02
2.069453299045563022e-01,1.428890466690063477e+00
-7.410550117492674671e-01,-7.860590219497680664e-01
-4.287039339542388361e-01,-3.136248290538787842e-01
-1.048246622085571289e+00,-9.885070323944091797e-01
-2.933906912803649347e-01,-1.469011902809143066e-01
6.934180259704589844e-01,1.247466564178466797e+00
-7.030093669891356312e-01,-1.011217355728149414e+00
-2.005982637405395508e+00,-1.692600548267364502e-01
-2.703300118446350653e-01,-9.631911516189575195e-01
5.489073991775511585e-01,6.519238948822021484e-01
-1.089971184730529563e+00,-1.028427124023437500e+00
5.462603569030761719e-01,-8.036193251609802246e-01
1.570800662040710449e+00,1.553689002990722656e+00
-3.902096450328825794e-01,2.208979129791259766e-01
4.891470670700073242e-01,1.536276936531066895e-01
3.019697070121765137e-01,-5.641605257987976074e-01
-5.116380378603935936e-02,6.258596181869506836e-01
-1.820802837610244751e-01,-6.835286021232604980e-01
9.644249826669694381e-02,1.054658055305480957e+00
1.150166690349578996e-01,6.163134574890136719e-01
4.969087243080140270e-01,8.306067585945129395e-01
-1.640735626220703125e+00,-9.717422723770141602e-01
1.547671854496001920e-01,-9.121646732091903687e-02
-1.041292548179626465e+00,-8.381137847900390625e-01
-1.668507218360900879e+00,-1.222466230392456055e+00
6.631340384483338513e-01,8.263966441154479980e-02
1.466465890407562256e-01,8.495070934295654297e-01
4.186639189720153253e-01,2.000530958175659180e-01
9.746327400207519531e-01,5.450571775436401367e-01
1.647789239883422852e+00,9.708273410797119141e-01
5.256224274635313831e-01,5.570534467697143555e-01
1.379405975341796875e+00,8.650545030832290649e-03
-4.285244941711425226e-01,-7.417222112417221069e-02
-1.639793515205383301e+00,-1.187919735908508301e+00
-1.426594376564025879e+00,-5.961192846298217773e-01
5.534836649894714355e-01,-5.229244828224182129e-01
-4.253390431404113770e-01,-2.781792283058166504e-01
-3.605986535549163818e-01,-5.938163399696350098e-01
-1.613188505172729492e+00,-6.779293417930603027e-01
-2.607288658618927002e-01,-9.990531206130981445e-01
-4.645511806011198841e-01,-5.700375139713287354e-02
-1.942387223243713379e-01,-2.751761376857757568e-01
-1.405732035636901855e+00,-1.032670855522155762e+00
-9.718861579895021752e-01,-5.026961565017700195e-01
-1.690266728401184082e+00,-6.818331480026245117e-01
-1.111012935638427512e+00,-5.463855862617492676e-01
-1.468611359596252441e-01,3.615152239799499512e-01
-3.918248116970062256e-01,2.693491578102111816e-01
3.506932258605957031e-01,-1.747792363166809082e-01
-3.995864689350128174e-01,-4.828099906444549561e-01
