-1.396175742149353027e+00,-8.424651622772216797e-01
1.895825266838073453e-01,5.959989428520202637e-01
-6.786476373672485352e-01,-5.128465890884399414e-01
-1.347721457481384277e+00,-1.381367206573486328e+00
-2.861225306987762451e-01,3.234562873840332031e-01
5.774416327476500355e-01,1.257861375808715820e+00
-6.920174360275268555e-01,-8.206466436386108398e-01
2.617256641387938898e-01,8.552792668342590332e-01
3.890529274940490168e-01,3.940141201019287109e-01
-6.058315038681030273e-01,-1.124948263168334961e+00
-9.528956376016141719e-03,-2.550064921379089355e-01
-2.910577058792114258e-01,-2.109032869338989258e-02
-6.161738187074661255e-02,-2.647621631622314453e-01
-1.152558088302612305e+00,-7.184429168701171875e-01
3.838036954402924139e-01,6.272516250610351562e-01
2.337231874465942383e+00,2.168718338012695312e+00
8.063435554504394531e-01,-5.356223583221435547e-01
-5.304814130067824623e-02,-6.596773862838745117e-01
-7.912142276763917126e-01,-8.176153898239135742e-01
6.663194894790650524e-01,-5.745762586593627930e-02
6.397144794464111328e-01,4.698984026908874512e-01
-1.784013360738754272e-01,-4.626969695091247559e-01
-1.110968112945556641e+00,2.228235006332397461e-01
1.008550763130188210e+00,4.673602283000946045e-01
-7.548735141754150391e-01,-4.129463434219360352e-01
-1.373204827308654563e+00,-6.937667131423950195e-01
7.229841351509094238e-01,2.952268123626708984e-01
1.960678696632384366e+00,2.569561004638671875e+00
1.634509205818176270e+00,1.344902753829956055e+00
-7.214040756225587048e-01,4.608620405197143555e-01
-5.035389661788940430e-01,1.085150718688964844e+00
2.959577739238739014e-01,1.303227245807647705e-01
8.616174459457396351e-01,-1.665154933929443359e+00
1.014069199562072754e+00,7.700665593147277832e-01
1.299118995666503906e-01,-3.145104646682739258e-01
-7.911245226860046387e-01,-2.440375685691833496e-01
1.069477558135986328e+00,9.246077537536621094e-01
-1.964819878339767734e-01,-4.675482511520385742e-01
-4.675122797489166260e-01,-1.182542443275451660e-01
1.278683781623840110e+00,1.668971300125122070e+00
-7.021569609642028809e-01,-7.254846096038818359e-01
-9.342891573905943714e-01,-7.665292024612426758e-01
-3.758079409599303644e-01,1.124998331069946289e-01
4.649198651313781738e-01,3.852705359458923340e-01
-9.975041747093199573e-01,6.170436739921569824e-02
-1.832252368330955505e-02,-4.298402667045593262e-01
-4.807026386260985773e-01,-2.135970592498779297e-01
-1.146928369998931746e-01,4.144694209098815918e-01
-3.018701970577240545e-01,-1.464616537094116211e+00
3.961865007877349854e-01,-5.123722553253173828e-01
-9.847624897956848145e-01,-8.063913583755493164e-01
1.023490905761718750e+00,1.380670547485351562e+00
7.891602516174317516e-01,1.391361057758331299e-01
-1.139175030402839401e-03,-8.481452465057373047e-01
-4.761712551116942804e-01,-5.297113656997680664e-01
1.554649233818054199e+00,8.829836845397949219e-01
-7.251960784196852250e-02,-2.440375685691833496e-01
-6.785578727722167969e-01,-4.251512289047241211e-01
-8.422259092330931507e-01,-1.029816269874572754e-01
-3.124583661556243896e-01,-9.615949392318725586e-01
1.777808427810668723e+00,-6.339881420135498047e-01
-2.096956595778464577e-02,-4.547576904296875000e-01
-1.635958403348923007e-01,4.153396487236022949e-01
-6.787822246551513672e-01,8.088353276252746582e-01
-1.611731201410293857e-01,8.451261520385742188e-01
3.683252334594727118e-01,3.158941864967346191e-01
-1.456609129905700462e+00,-7.679665088653564453e-01
-8.424053788185118519e-01,-7.310688495635986328e-03
-1.671602845191955344e+00,-8.228477239608764648e-01
4.399592399597167969e+00,3.646796703338623047e+00
2.954857982695102345e-02,3.773517310619354248e-01
1.231844544410705566e+00,3.833942711353302002e-01
-7.570270299911500134e-01,-1.791417598724365234e-03
-7.238501310348510742e-02,1.737799346446990967e-01
1.036209240555763245e-01,1.681873202323913574e-02
-9.045884609222412109e-01,-1.123556613922119141e+00
1.305827140808105469e+00,7.184572815895080566e-01
1.543185263872146606e-01,4.433854222297668457e-01
2.118917942047119141e+00,1.142871499061584473e+00
-1.610385328531265259e-01,7.394878268241882324e-01
4.702139794826508123e-01,1.047989130020141602e+00
-3.433255851268768311e-01,-3.431652188301086426e-01
6.691908240318298340e-01,-1.556047201156616211e-01
1.453209161758422852e+00,-8.091789484024047852e-02
-7.438366413116453968e-01,-3.310297131538391113e-01
9.449319839477537952e-01,5.262608528137207031e-01
6.157564520835876465e-01,9.037793874740600586e-01
1.608532190322876199e+00,6.678273677825927734e-01
1.837716065347194325e-02,5.014727711677551270e-01
-7.364339232444763184e-01,-1.032619953155517578e+00
-1.534563153982162476e-01,-1.188541054725646973e-01
1.205418944358825462e+00,1.578495979309082031e+00
-1.633198261260986328e+00,-1.301687240600585938e+00
-2.988642454147338867e-01,3.773828744888305664e-01
8.176496028900146484e-01,6.873854398727416992e-01
4.091525077819824219e-01,-1.655411720275878906e-02
-1.799716204404830655e-01,-5.615631341934204102e-01
2.363074064254760742e+00,1.366413354873657227e+00
9.737802743911744274e-01,1.392352581024169922e+00
-1.171604245901107511e-01,6.177067756652832031e-03
3.173584342002868652e-01,1.433481872081756592e-01
-7.617827057838439941e-01,-1.710347533226013184e-01
-7.429842352867126465e-01,-8.447612524032592773e-01
-1.183269172906875194e-01,5.532710552215576172e-01
2.371611073613166462e-02,1.829473972320556641e-01
-1.104148626327514648e+00,-2.862218022346496582e-01
7.106910943984984241e-01,3.487338423728942871e-01
-1.724409103393554465e+00,-1.033785581588745117e+00
-1.420157104730606079e-01,-3.025502562522888184e-01
-4.964503049850463867e-01,-5.754208564758300781e-01
6.791957616806030273e-01,1.328991532325744629e+00
-2.251708984375000000e+00,-7.665292024612426758e-01
1.007294535636901855e+00,5.791540145874023438e-01
1.794543147087097390e+00,1.050234198570251465e+00
-6.871271133422851562e-01,-5.768895149230957031e-01
1.042603373527526633e+00,7.681084871292114258e-01
-2.306692153215408048e-01,-8.662626743316650391e-01
-1.397060509771108627e-02,-5.367833375930786133e-02
7.618373632431030273e-01,4.973469078540802002e-01
-1.524692922830581665e-01,1.271208822727203369e-01
-7.775752544403075062e-01,-3.122209906578063965e-01
-3.524780571460723877e-01,4.926544427871704102e-01
3.865404725074768066e-01,-5.601769685745239258e-02
1.296943902969360352e+00,-3.244897723197937012e-01
-1.254156082868576050e-01,1.542085111141204834e-01
-4.434645771980285645e-01,-4.448492527008056641e-01
-2.248703241348266602e+00,-1.438249230384826660e+00
7.925914973020553589e-02,1.583853065967559814e-01
5.935482382774353027e-01,4.785048365592956543e-01
1.004378318786621094e+00,4.192464947700500488e-01
1.203107535839080811e-01,1.493037641048431396e-01
-1.078037023544311523e+00,1.075838208198547363e+00
-4.169492721557616632e-01,-5.193823575973510742e-01
4.467943608760833740e-01,1.095494985580444336e+00
1.485377430915832297e+00,-3.232391476631164551e-01
3.764458298683167614e-01,3.292954564094543457e-01
-1.039408206939697266e+00,-5.849899053573608398e-01
-6.545550227165222168e-01,-6.937667131423950195e-01
1.112009763717651145e+00,5.316559076309204102e-01
1.149269342422484935e-01,4.558264613151550293e-01
-1.659264922142028809e+00,-7.093960046768188477e-01
5.435900017619132302e-02,-6.457961797714233398e-01
2.898687031120061441e-03,2.803039550781250000e-02
-2.872441709041595459e-01,-7.676982879638671875e-01
-5.928439274430274963e-02,-5.638242959976196289e-01
2.143032103776931763e-01,3.743371665477752686e-01
3.423034548759460449e-01,5.262608528137207031e-01
-1.682169437408447266e-01,-7.449942827224731445e-02
-1.113929152488708496e+00,-1.042863249778747559e+00
1.086481451988220215e+00,8.428606390953063965e-02
3.300552666187286377e-01,3.427904248237609863e-01
-1.644638895988464355e+00,-9.019751548767089844e-01
4.362061917781829834e-01,-6.058499813079833984e-01
7.676249742507934570e-01,5.874778628349304199e-01
-4.889578223228455145e-01,-3.728817105293273926e-01
-3.770641684532166082e-01,-7.240470647811889648e-01
1.852957487106323242e+00,1.541221261024475098e+00
-9.793337583541870117e-01,-2.677302956581115723e-01
1.352711200714111106e+00,8.191283345222473145e-01
-1.656752467155456099e+00,-1.441748857498168945e+00
1.061177611351013184e+00,9.286957383155822754e-01
-1.659623861312866433e+00,4.673602283000946045e-01
5.242764353752136230e-01,6.394207477569580078e-01
1.115387305617332458e-02,2.361859679222106934e-01
5.586431622505186878e-01,7.950915694236755371e-01
5.619632005691527210e-01,5.011504888534545898e-01
6.992720067501068115e-02,8.332753181457519531e-02
9.855116158723831177e-02,-1.577629446983337402e-01
-8.569416999816894531e-01,-6.706035137176513672e-02
6.094753742218016468e-01,3.664354681968688965e-01
-6.830444335937500000e-01,-7.341569662094116211e-01
1.762015938758850098e+00,1.257861375808715820e+00
-1.741906523704528587e+00,2.931154072284698486e-01
3.339585363864898682e-01,5.163279771804809570e-01
1.067614853382110457e-01,4.429811239242553711e-01
-3.039339780807495117e-01,-1.161084175109863281e+00
5.503430962562561035e-01,-8.176153898239135742e-01
-3.100805282592772882e-01,2.044690549373626709e-01
6.236527562141417347e-01,2.739977836608886719e-01
-4.374974966049193226e-01,-4.520676136016845703e-01
-1.029178977012634277e+00,-6.854079961776733398e-01
9.683516025543211780e-01,8.713795542716979980e-01
-1.746437907218933105e+00,-3.841035366058349609e-01
2.099940061569213423e+00,9.020487070083618164e-01
-4.397856295108795166e-01,-1.753415465354919434e-01
-5.481798052787781872e-01,-6.439939737319946289e-01
-6.145353317260742188e-01,-8.519527912139892578e-01
1.455407500267028809e+00,4.926544427871704102e-01
-7.793250083923340954e-01,-5.385472774505615234e-01
-1.603542447090148704e+00,-1.661795377731323242e+00
6.332987546920776367e-01,4.305084943771362305e-01
6.795547008514404297e-01,3.773517310619354248e-01
-8.542497754096985974e-01,-2.289389967918395996e-01
-4.967194795608521063e-01,-6.457961797714233398e-01
-1.948901638388633728e-02,3.923269510269165039e-01
5.631745457649232067e-01,-3.244897723197937012e-01
6.075910329818724476e-01,2.361859679222106934e-01
3.386693894863129217e-01,-1.356771588325500488e-01
2.473980665206908736e+00,1.228655815124511719e+00
1.429676413536071777e-01,-1.182542443275451660e-01
-1.695336461067199707e+00,-1.038813233375549316e+00
-6.693605184555053711e-01,-2.545577883720397949e-01
2.432659864425659180e+00,5.930198431015014648e-01
-5.010265707969665527e-01,-4.600457549095153809e-01
-3.038891255855560303e-01,-1.113158345222473145e+00
9.111485481262208141e-01,2.665301859378814697e-01
2.479072064161300937e-01,6.909508705139160156e-01
6.259408593177795410e-01,-3.876572251319885254e-01
5.432992577552795410e-01,-6.937667131423950195e-01
8.730580210685732201e-01,4.149633347988128662e-01
-1.098922714591026306e-01,-3.426871299743652344e-01
-4.604917764663695595e-02,-2.256768345832824707e-01
-1.742288768291473389e-01,-9.089580774307250977e-01
3.829512596130371094e-01,4.052022397518157959e-01
1.092717766761779341e+00,-4.837192893028259277e-01
-4.730755686759948175e-01,-6.018790006637573242e-01
1.763945102691650613e+00,1.164706468582153320e+00
-1.109801650047302246e+00,-1.154767751693725586e+00
8.132976889610290527e-01,7.195522785186767578e-01
-1.105180501937866211e+00,-8.033800125122070312e-01
3.340034186840056818e-01,4.293832778930664062e-01
-2.958134114742279053e-01,-8.120739459991455078e-01
5.131947398185728870e-01,2.835215330123901367e-01
-1.102084755897521973e+00,-5.193823575973510742e-01
1.177198767662048118e+00,5.786671042442321777e-01
8.198480010032652698e-01,-6.167269945144653320e-01
-7.884325981140135609e-01,-6.144678592681884766e-01
2.090539932250976285e-01,1.526894450187683105e+00
9.053609371185303845e-01,6.331678032875061035e-01
5.953876972198487438e-01,6.544500589370727539e-01
3.874826431274414062e-01,-4.837192893028259277e-01
-5.149347186088562012e-01,-2.572978138923645020e-01
1.002897739410400613e+00,1.156318902969360352e+00
-3.133108019828795832e-01,-7.169015407562255859e-01
7.826547622680664062e-01,8.369858264923095703e-01
7.888910174369810901e-01,3.116033673286437988e-01
-4.872978031635283869e-01,-4.016239643096923828e-01
5.832292437553404651e-01,2.971697449684143066e-01
1.322897523641586581e-01,-9.503879547119140625e-01
1.474116325378417969e+00,7.360262870788574219e-01
2.632062137126922052e-01,-6.629636287689208984e-01
2.352552413940429410e-01,-5.849899053573608398e-01
-6.917482614517211914e-01,-9.801757335662841797e-01
-4.147293418645858071e-02,8.416696190834045410e-01
-1.047708272933959961e+00,-9.375739097595214844e-01
5.168737173080444336e-01,-5.491677522659301758e-01
-2.713618874549865723e-01,-2.826434373855590820e-01
1.833014041185379306e-01,5.312851071357727051e-01
1.052069902420043945e+00,4.324225783348083496e-01
-8.358550667762755237e-01,5.262608528137207031e-01
-3.547661900520325262e-01,2.319979071617126465e-01
1.190096661448478699e-01,-1.602119207382202148e-01
-3.195022046566008966e-01,-8.832069635391235352e-01
5.662702322006225586e-01,3.627490103244781494e-01
5.973169207572937012e-01,-3.493868112564086914e-01
4.153887629508972168e-01,-5.097134113311767578e-01
-4.078865051269531250e-01,-2.076104879379272461e-01
-2.266021013259888139e+00,-1.667922496795654297e+00
4.408488422632217407e-02,7.845836877822875977e-02
-6.314279884099961715e-02,-3.873761296272277832e-01
2.104896754026412686e-01,-4.520676136016845703e-01
1.282183289527893066e+00,4.161570072174072266e-01
2.722689807415008545e-01,4.662855267524719238e-01
-8.370215892791746937e-01,-3.739505410194396973e-01
2.011577337980270386e-01,-1.590431928634643555e-01
-1.385946512222290039e+00,-4.892272949218750000e-01
-8.811114355921745300e-03,-3.698243498802185059e-01
-2.833409011363983709e-01,-7.665292024612426758e-01
-1.000465273857116699e+00,-8.872958421707153320e-01
-7.450480461120604359e-01,-2.407166361808776855e-01
1.015684366226196289e+00,1.169971227645874023e+00
-1.104283213615417703e+00,-5.404169559478759766e-01
3.892840862274169478e+00,3.263643741607666016e+00
9.054058194160460316e-01,7.700665593147277832e-01
6.573464274406433105e-01,-2.819126844406127930e-02
-4.147060215473175049e-01,9.597725868225097656e-01
2.173989117145538608e-01,9.478726983070373535e-02
1.020754098892211914e+00,7.184572815895080566e-01
5.451835989952088513e-01,-3.244897723197937012e-01
1.128654718399047852e+00,9.882762432098388672e-01
3.860918283462524969e-01,-6.854079961776733398e-01
-2.889490425586699884e-01,1.377626657485961914e-01
5.353133082389831543e-01,-5.482687950134277344e-01
-1.011412382125854492e+00,-1.665154933929443359e+00
1.027080059051513672e+00,1.173846483230590820e+00
5.162007212638854980e-01,4.116070866584777832e-01
3.908475339412688654e-01,-3.177986741065979004e-01
1.411305069923400879e+00,1.048132181167602539e+00
-2.486152797937392633e-01,-4.481236934661865234e-01
-1.004189014434814453e+00,-9.463776350021362305e-01
3.834447860717772882e-01,-8.872958421707153320e-01
7.721563577651977539e-01,-8.519527912139892578e-01
7.720665931701660156e-01,2.182552218437194824e-01
-6.920174360275268555e-01,3.833942711353302002e-01
1.297841191291809082e+00,5.508490800857543945e-01
7.324058413505554199e-01,7.364628314971923828e-01
1.062613248825073242e+00,1.134677052497863770e+00
-1.169203042984009011e+00,-8.120709657669067383e-01
1.879966378211975098e+00,7.184572815895080566e-01
-1.357501983642577903e+00,-1.392708897590637207e+00
4.348602294921875000e-01,-2.741008996963500977e-01
1.089397788047790305e+00,-3.505650758743286133e-01
-4.719090759754179798e-01,-1.031221985816955566e+00
2.584953904151916504e-01,1.124998331069946289e-01
1.442217230796813965e+00,4.459350109100341797e-01
-1.352656602859497070e+00,-7.638339996337890625e-01
-1.317033648490905540e+00,-5.411812067031860352e-01
3.202297985553741455e-01,1.031411290168762207e-01
-4.909767508506776013e-01,-9.409921169281005859e-01
-1.089836597442626731e+00,2.066903710365295410e-01
1.292771458625793679e+00,-3.973688483238220215e-01
-6.980742216110228382e-01,-4.144460558891296387e-01
1.510882377624511719e-01,1.368618607521057129e-01
-6.661302447319030762e-01,-6.786063909530639648e-01
1.043814778327941895e+00,4.719266295433044434e-01
6.643454432487487793e-01,2.623159289360046387e-01
-2.222345769405364713e-01,-3.177986741065979004e-01
1.327541828155517578e+00,9.690594077110290527e-01
1.445447444915771484e+00,9.020487070083618164e-01
2.072145193815231878e-01,3.872993588447570801e-01
-4.666598439216613214e-01,-7.861568927764892578e-01
-2.698813378810882568e-01,-6.058499813079833984e-01
-2.293232679367065430e-01,2.994566857814788818e-01
3.858226537704467773e-01,1.757385134696960449e-01
-4.990758001804351113e-02,-4.680234193801879883e-02
-1.621981978416442871e+00,-1.163869380950927734e+00
7.364885807037353516e-01,1.142871499061584473e+00
-1.369256734848022683e+00,-4.144460558891296387e-01
9.104306697845460095e-01,7.614313364028930664e-01
-5.273408442735672691e-02,1.310697793960571289e-01
-1.032274603843688743e+00,-9.796260595321655273e-01
5.155726075172424316e-01,7.526714205741882324e-01
-1.361832469701766690e-01,-1.528422236442565918e-01
4.370137751102448065e-01,-2.532846331596374512e-01
-2.038631960749625813e-02,2.178668975830078125e-01
-1.871948987245559970e-01,3.827034831047058105e-01
1.025823831558227317e+00,8.297117948532104492e-01
8.175598382949829102e-01,3.791337013244628906e-01
1.355806946754455566e+00,9.690594077110290527e-01
1.446883201599120872e+00,1.403311729431152344e+00
4.076271057128905695e-01,6.606469154357910156e-01
-1.379329860210418979e-01,-6.605939865112304688e-01
1.410721898078918457e+00,1.269464015960693359e+00
-3.105291724205017090e-01,-8.495301008224487305e-01
3.059178292751312256e-01,3.009385466575622559e-01
-1.273896694183349609e-01,3.833942711353302002e-01
1.323189973831176758e+00,2.361859679222106934e-01
3.064764976501465288e+00,3.155921936035156250e+00
-5.119736194610595703e-01,-6.740456819534301758e-01
-2.566910088062286377e-01,-4.675482511520385742e-01
-1.804651319980621060e-01,-5.220445394515991211e-01
3.485196113586425781e+00,2.961057424545288086e+00
-5.156077146530152477e-01,-7.673079967498779297e-01
-1.668327689170837624e+00,-1.017917752265930176e+00
1.724015116691589133e+00,2.341624259948730469e+00
-1.031826019287109153e+00,6.106811761856079102e-02
-3.033058941364288330e-01,-9.211361408233642578e-01
-1.616418719291687012e+00,-7.665292024612426758e-01
1.214090641587972641e-02,-6.786063909530639648e-01
9.906944036483763538e-01,8.332765102386474609e-01
-4.782350659370421808e-01,-6.477754116058349609e-01
1.732516139745712280e-01,3.813033699989318848e-01
1.266570210456847700e+00,-1.829494237899780273e-01
9.581223130226137474e-01,-3.886637091636657715e-01
-9.010441303253171608e-01,-5.457950830459594727e-01
-1.679768323898315652e+00,-7.184429168701171875e-01
-1.340677618980407715e+00,-1.089671134948730469e+00
-1.114512443542480469e+00,-1.042863249778747559e+00
-4.033551514148711603e-01,1.052367687225341797e-02
-2.267725944519042969e+00,-1.953857421875000000e+00
5.389922261238098145e-01,4.683813452720642090e-01
5.109515190124511719e-01,3.459259867668151855e-01
3.090583980083465021e-01,-7.358599901199340820e-01
-4.875221252441406805e-01,-1.033785581588745117e+00
5.684686303138732910e-01,-3.973688483238220215e-01
2.644602775573730469e+00,8.088353276252746582e-01
2.077977657318115234e-01,-2.904296517372131348e-01
1.098909139633178711e+00,6.104705929756164551e-01
-5.087882280349731445e-01,-5.849899053573608398e-01
-2.844050060957670212e-03,9.731636047363281250e-01
-1.963473856449126920e-01,-5.826425552368164062e-01
-1.354451179504394309e+00,-3.698243498802185059e-01
-7.939959168434143066e-01,-5.826425552368164062e-01
-4.659419953823090155e-01,3.244839012622833252e-01
6.306068301200866699e-01,5.877649784088134766e-01
7.922559380531309925e-01,1.253134012222290039e-02
-9.258545637130736194e-01,3.088383674621582031e-01
1.092583179473876731e+00,6.459089517593383789e-01
6.814839243888854980e-01,1.429806351661682129e-01
-7.161548733711241566e-01,-6.655740737915039062e-01
-1.927581727504730225e-01,2.432499825954437256e-01
-1.987408518791198730e+00,-7.338993549346923828e-01
-4.051497578620911755e-01,-2.495688199996948242e-01
-7.328895926475524902e-01,-5.119160413742065430e-01
7.948580980300902210e-01,3.872993588447570801e-01
6.062450408935546875e-01,9.617514610290527344e-01
6.881239414215089001e-01,-1.577629446983337402e-01
8.991695642471313477e-01,4.658250510692596436e-01
3.899950981140137274e-01,2.440376877784729004e-01
-1.652109920978545865e-01,2.041540741920471191e-01
-1.033306598663330078e+00,-7.240470647811889648e-01
2.107140123844147006e-01,-3.762097358703613281e-01
-9.999268651008605957e-01,-8.538061380386352539e-01
6.469826102256776013e-01,8.468932509422302246e-01
1.485757827758789062e-01,-5.754208564758300781e-01
1.406728863716125488e+00,6.240267157554626465e-01
-5.373672842979432263e-01,-3.704034686088562012e-01
5.561522394418717125e-02,-5.689591169357299805e-01
-1.616666316986083707e-01,-5.228524208068847656e-01
-1.668866038322448508e+00,-8.630945682525634766e-01
-3.248411417007446289e-01,-6.102871894836425781e-02
5.333840847015380859e-01,5.986970663070678711e-01
-1.359565854072570801e+00,-1.060425758361816406e+00
-4.626668393611907959e-01,-9.203206300735473633e-01
-1.098181486129760742e+00,-7.096183300018310547e-01
-1.312480717897415161e-01,5.689514875411987305e-01
-8.687645196914672852e-02,-8.176153898239135742e-01
1.770651489496231079e-01,5.022181868553161621e-01
1.037555187940597673e-01,-9.990745782852172852e-02
1.001776099205017090e+00,1.757385134696960449e-01
1.606445163488387784e-01,-2.320250868797302246e-01
2.759927809238433838e-01,1.590973436832427979e-01
-1.586897492408752441e+00,-1.953857421875000000e+00
-1.330426782369613370e-01,4.087504744529724121e-02
-1.284664422273635864e-01,-1.954953670501708984e-01
-2.451391145586967468e-02,-1.603886485099792480e-01
7.160300612449645996e-01,5.381324887275695801e-02
-8.005695044994354248e-02,6.365686058998107910e-01
2.045787811279296431e+00,4.731925427913665771e-01
6.267035603523254395e-01,-1.195877790451049805e-02
-1.098899364471435547e+00,-7.199047803878784180e-01
9.007164835929870605e-02,4.608620405197143555e-01
2.145926952362060547e+00,7.500526905059814453e-01
5.646766349673271179e-02,2.643598020076751709e-01
-5.330602526664732776e-01,-5.246118307113647461e-01
1.905045986175536887e+00,1.668971300125122070e+00
-1.034607648849487305e+00,-1.303227305412292480e+00
-5.606074333190917969e-01,-2.438402175903320312e-02
1.773343384265899381e-01,-2.135970592498779297e-01
-9.582023024559022106e-01,-7.010031938552856445e-01
1.460701584815979004e+00,9.996360540390014648e-02
9.102063775062559925e-01,1.626062095165252686e-01
-5.790021419525146484e-01,-7.202136516571044922e-01
-7.767227888107299805e-01,-3.177986741065979004e-01
-8.037100732326507568e-02,-7.997941970825195312e-02
-5.421230196952819824e-01,-2.779418230056762695e-01
-7.230192422866821289e-01,-9.256631135940551758e-01
1.283843278884887695e+00,8.585785031318664551e-01
-4.071686863899231512e-01,-1.929980516433715820e-01
-9.549271464347840466e-01,-1.492544651031494141e+00
3.446364402770996094e-01,4.104420542716979980e-02
-7.713838815689088024e-01,-3.244897723197937012e-01
-1.522449553012847900e-01,-4.582868814468383789e-01
-3.043826520442962646e-01,3.511673808097839355e-01
1.104606986045837402e+00,8.513762950897216797e-01
1.608239710330963135e-01,-8.449554443359375000e-04
-1.161306738853454590e+00,-7.184429168701171875e-01
-7.837666273117066540e-01,-4.850575923919677734e-01
-1.320129394531250000e+00,-1.168481588363647461e+00
4.534344077110291082e-01,5.781715512275695801e-01
2.044777572154998779e-01,5.943745374679565430e-02
-1.332287788391113281e+00,-7.158533334732055664e-01
-5.231450796127319336e-01,-2.904296517372131348e-01
-9.044987559318542480e-01,-7.093960046768188477e-01
-5.645555853843690075e-01,5.043265223503112793e-01
4.642468988895416260e-01,9.239974617958068848e-02
-1.712474942207336426e+00,-1.125234007835388184e+00
-7.920451462268827958e-02,7.243060469627380371e-01
4.388980865478516180e-01,9.415683746337890625e-01
1.644155144691467285e+00,1.347504734992980957e+00
-6.823265552520753063e-01,-8.294259309768676758e-01
2.856387794017791748e-01,3.049021959304809570e-01
-7.627697587013244629e-01,1.296888291835784912e-01
2.184645414352416992e+00,9.859179854393005371e-01
-5.107407271862030723e-02,4.107519090175628662e-01
-7.993797063827513538e-01,-4.978440403938293457e-01
5.310277640819549561e-02,2.811235487461090088e-01
1.487710475921630859e+00,8.669806122779846191e-01
-7.397090792655945934e-01,-4.509987235069274902e-01
-6.915239095687866211e-01,-4.547576904296875000e-01
-9.989846944808962181e-01,-1.010718226432800293e+00
1.941566109657287598e+00,9.597725868225097656e-01
-2.264405965805053711e+00,-1.592871189117431641e+00
1.062164545059204102e+00,1.063382387161254883e+00
-1.076466798782348633e+00,1.737799346446990967e-01
1.419694900512695090e+00,1.044249773025512695e+00
-1.069153785705566406e+00,-5.849899053573608398e-01
1.867560297250748236e-01,4.834473431110382080e-01
-1.088266372680664062e+00,-4.564770460128784180e-01
-6.610605120658874512e-01,-8.519527912139892578e-01
-1.041920661926269531e+00,1.031411290168762207e-01
-1.635621070861816406e+00,-1.592871189117431641e+00
-1.689683556556701438e+00,-1.038813233375549316e+00
-8.094743490219117321e-01,-1.134209632873535156e+00
-1.530076712369918823e-01,-8.165680170059204102e-01
2.421196103096008578e-01,-1.056177616119384766e-01
-1.015315651893615501e+00,-8.264669179916381836e-01
-1.937900781631469449e-01,4.627257585525512695e-03
1.022301018238067488e-01,-1.154767751693725586e+00
-1.989047080278396884e-01,-7.445539236068725586e-01
-2.241031169891357422e+00,-9.323617219924926758e-01
-1.063904523849487305e+00,-1.929980516433715820e-01
-7.684676051139830433e-01,-4.880954623222351074e-01
-6.771904230117796464e-02,-1.461036205291748047e-01
-7.940407395362854004e-01,-2.300480008125305176e-01
-1.017783164978027122e+00,1.079871058464050293e-01
1.515616536140441895e+00,6.873854398727416992e-01
-7.241857647895812988e-01,3.169111013412475586e-01
-1.637639999389648438e+00,-1.376628160476684570e+00
-2.329146385192870650e+00,-8.133709430694580078e-01
1.972074508666991965e+00,1.904067397117614746e+00
-2.523175440728664051e-02,-1.356771588325500488e-01
3.826820850372313343e-01,-1.973927021026611328e-01
-6.879795789718627930e-01,-9.256631135940551758e-01
-3.217903077602386475e-01,-5.808367729187011719e-01
1.691398143768310103e+00,4.104420542716979980e-02
1.410384476184844693e-01,2.440376877784729004e-01
-5.657669305801391602e-01,2.643598020076751709e-01
-4.230957925319672741e-01,-5.591095685958862305e-01
1.312915802001953125e+00,7.435677051544189453e-01
8.459146022796630859e-01,6.954821944236755371e-01
4.720534384250640869e-01,1.542085111141204834e-01
5.616939663887023926e-01,8.336546421051025391e-01
1.746627092361449973e+00,1.762255549430847168e+00
-1.753347158432006614e+00,3.236259222030639648e-01
-3.099459111690521240e-01,-1.471167922019958496e+00
3.128719329833984375e-01,-1.055667996406555176e-01
-1.626109600067138672e+00,-9.782626628875732422e-01
-2.869749665260314386e-01,1.471666693687438965e-01
5.976758003234863281e-01,9.166021347045898438e-01
1.086571216583251953e+00,5.411474108695983887e-01
-4.559370875358582098e-01,-2.904296517372131348e-01
2.983356118202209473e-01,2.256482839584350586e-02
-3.570991754531860352e-01,-2.897859215736389160e-01
8.207452893257140003e-01,4.459350109100341797e-01
3.593522012233734131e-01,8.310180902481079102e-02
-1.430924683809280396e-01,-1.134209632873535156e+00
-9.188555479049681507e-01,-4.363274574279785156e-01
-3.941129148006439209e-01,2.859040498733520508e-01
-3.030815422534942627e-01,-7.000660896301269531e-02
4.394813477993010919e-01,-1.194250583648681641e-02
-1.776386350393295288e-01,-4.023884534835815430e-01
-7.433879971504211426e-01,-1.127616763114929199e-01
1.536006927490234375e-01,6.437008380889892578e-01
-3.625278472900391180e-01,-4.950516223907470703e-01
2.112681865692138228e+00,-1.953857421875000000e+00
2.023690938949584683e-01,4.835463166236877441e-01
-7.198786735534667969e-01,-3.459673523902893066e-01
-4.147957563400269110e-01,-4.909783601760864258e-01
-7.844845056533812366e-01,-8.176153898239135742e-01
-8.055710792541503906e-01,-4.387753009796142578e-01
2.814663350582122803e-01,-1.031221985816955566e+00
1.449440479278564453e+00,7.761685848236083984e-01
-7.098289132118225098e-01,-6.705737113952636719e-01
2.900804281234740656e-01,-2.135970592498779297e-01
-7.198337912559508167e-01,-7.959728240966796875e-01
-3.065810203552246094e-01,7.596403360366821289e-03
3.384899199008941650e-01,3.014177083969116211e-01
-5.233693718910217285e-01,4.204518198966979980e-01
5.668983459472657360e-01,3.923269510269165039e-01
1.897171288728713434e-01,4.768660664558410645e-02
5.587328672409056507e-01,1.029362201690673828e+00
8.809094429016114391e-01,8.800913095474243164e-01
-1.689818143844604492e+00,-5.849899053573608398e-01
-1.001811265945434348e+00,5.399942398071289062e-02
-7.622762322425842285e-01,1.811167597770690918e-01
-1.062693238258361816e+00,-8.747752904891967773e-01
-8.128392696380614124e-01,-5.826425552368164062e-01
4.027816653251647949e-01,-7.445539236068725586e-01
-1.603655517101287842e-01,-5.293929576873779297e-01
-9.677585959434508167e-01,-1.195440173149108887e+00
-3.011523485183715820e-01,-7.875609397888183594e-02
9.550033509731291337e-02,-2.890192866325378418e-01
5.103234052658081055e-01,6.425281167030334473e-01
2.510926425457000732e-01,-3.083479404449462891e-01
-1.344715476036071555e+00,-4.740610122680664062e-01
1.087244153022765891e+00,8.515518903732299805e-01
1.122149229049682617e+00,5.487827062606811523e-01
5.423570871353148304e-01,7.243060469627380371e-01
-9.813078641891479492e-01,-1.665154933929443359e+00
7.567676305770874023e-01,6.822163462638854980e-01
2.347168624401092529e-01,-9.007161855697631836e-02
1.102588057518005149e+00,1.337706089019775391e+00
-1.152872085571289062e+00,-8.892993927001953125e-01
5.299294590950012207e-01,5.930198431015014648e-01
-1.273896694183349609e-01,1.368577778339385986e-01
-3.280265629291533869e-01,2.354957163333892822e-01
-8.129738569259643555e-01,-5.690073966979980469e-01
-7.320820093154907227e-01,-7.639849185943603516e-01
2.590540409088134766e+00,9.597725868225097656e-01
4.370586276054381769e-01,-7.665292024612426758e-01
-2.327620983123779297e+00,-8.872958421707153320e-01
-1.056950449943542480e+00,-9.463530778884887695e-01
6.477004289627075195e-01,3.710133433341979980e-01
-7.305117249488830566e-01,-4.586183428764343262e-01
-6.368117779493331909e-02,-4.837192893028259277e-01
-7.178597450256347656e-01,-3.309549093246459961e-01
-3.256487250328063965e-01,-1.015483975410461426e+00
-1.967398762702941672e+00,-5.411812067031860352e-01
-1.144572138786315918e+00,1.025662422180175781e+00
-5.910493433475493691e-02,-4.173903465270996094e-01
6.337922811508177601e-01,2.628332376480102539e-02
5.812103152275085449e-01,1.542007327079772949e-01
-3.581992536783219078e-02,-2.287813425064086914e-01
-1.971840381622314453e+00,-1.124948263168334961e+00
7.071916460990905762e-01,-3.704034686088562012e-01
-3.118302524089812677e-01,-1.113158345222473145e+00
3.196465671062468927e-01,-6.477754116058349609e-01
-1.799716204404830655e-01,-3.505650758743286133e-01
1.321305632591247559e+00,1.551697611808776855e+00
-1.367192864418029785e+00,-8.403173685073852539e-01
-2.668753862380980890e-01,1.256516277790069580e-01
-9.250020980834962048e-01,-5.693511962890625000e-01
3.408835649490356445e+00,9.597725868225097656e-01
1.138569951057433860e+00,6.655589342117309570e-01
2.457536756992340088e-01,-1.031221985816955566e+00
-1.646209239959716797e+00,-1.120633602142333984e+00
9.194934368133543812e-01,2.826231122016906738e-01
-8.080387115478514515e-01,-6.930973529815673828e-01
-8.061543703079222523e-01,-5.293929576873779297e-01
-9.516519904136655494e-01,-1.583878517150878906e+00
1.805646270513534546e-01,5.209084153175354004e-01
-1.366609692573547141e+00,-1.089671134948730469e+00
-1.598427772521972434e+00,-9.023087024688720703e-01
-1.649888157844543457e+00,-6.855107545852661133e-01
5.428954958915710449e-01,1.134677052497863770e+00
-7.459453344345090553e-01,-5.504605770111083984e-01
9.887652397155759498e-01,1.080683827400207520e+00
-9.245534539222716175e-01,-9.323617219924926758e-01
-7.772611975669859730e-01,-6.937667131423950195e-01
-1.135419607162475586e+00,-9.740673303604125977e-01
4.128763079643250067e-01,7.700665593147277832e-01
9.805100560188290126e-01,1.725571453571319580e-01
4.928924143314361572e-02,1.290546357631683350e-01
-3.655338287353516180e-01,1.446160674095153809e-02
-4.832150936126707874e-01,-2.949137687683105469e-01
1.320049405097961426e+00,-4.144460558891296387e-01
4.698101878166198730e-01,8.030210733413696289e-01
4.141774177551270086e-01,-2.129303216934204102e-01
-5.196006894111633301e-01,-1.556047201156616211e-01
6.224413514137268066e-01,7.793452739715576172e-01
-4.638782143592832807e-01,1.583853065967559814e-01
-1.590710997581481934e+00,-8.651468753814697266e-01
-1.043849825859069602e+00,-3.145104646682739258e-01
-1.043221712112426758e+00,-1.195440173149108887e+00
1.510882377624511719e-01,1.492447853088378906e-01
9.179680347442625843e-01,1.031411290168762207e-01
-5.178061127662658691e-01,-5.356223583221435547e-01
-3.088476136326789509e-02,-3.244897723197937012e-01
1.744629740715027133e-01,2.801784276962280273e-01
-4.745112359523772083e-01,-3.437862992286682129e-01
2.239940911531448364e-01,4.433854222297668457e-01
1.249297142028808372e+00,-1.461036205291748047e-01
1.047718048095703125e+00,-4.842102527618408203e-03
1.770418323576450695e-02,-4.251512289047241211e-01
-4.566100537776947021e-01,-1.528199911117553711e-01
1.127757430076599121e+00,3.355689644813537598e-01
4.864551424980164129e-01,5.636670589447021484e-01
1.421175479888916016e+00,1.210792541503906250e+00
3.060972988605499268e-01,-2.593135237693786621e-01
-1.660162210464477317e+00,-5.754208564758300781e-01
2.036253213882446567e-01,-7.022932767868041992e-01
2.558034658432006281e-01,1.203278303146362305e-01
9.118215441703796387e-01,9.582927227020263672e-01
-5.187931656837463379e-01,-5.162777900695800781e-01
-1.988575100898742454e+00,-8.481452465057373047e-01
1.765201330184936301e+00,8.878135085105895996e-01
3.879079967737197182e-02,2.623159289360046387e-01
1.978310704231262429e+00,1.041936039924621582e+00
4.096908867359160822e-01,-3.177986741065979004e-01
-1.710142016410827637e+00,-1.154767751693725586e+00
1.309886574745177945e-01,2.465774416923522949e-01
-1.477135866880416870e-01,2.060732841491699219e-01
-4.462462067604064386e-01,3.323509097099304199e-01
7.658752202987670898e-01,4.834473431110382080e-01
-1.088086843490600364e+00,-5.087710618972778320e-01
5.454976558685302734e-01,3.004446625709533691e-01
-1.613525897264480313e-01,4.507744312286376953e-01
4.305298626422881386e-02,1.480468213558197021e-01
4.915249049663544256e-01,2.935992479324340820e-01
-1.052688241004943848e+00,8.731722831726074219e-03
2.496727466583251953e+00,2.430885791778564453e+00
6.028352975845335804e-01,2.931154072284698486e-01
2.236351668834686557e-01,6.070219278335571289e-01
-9.424097537994383655e-01,-5.163712501525878906e-01
-8.535319566726683460e-01,-1.655411720275878906e-02
2.232313752174377164e-01,6.104111075401306152e-01
3.980259597301483709e-01,3.283461332321166992e-01
-9.898771047592164196e-01,-7.446464300155639648e-01
3.293374180793762762e-01,-5.324500799179077148e-01
-1.767287030816078186e-03,-6.705737113952636719e-01
-8.306506872177124023e-01,-2.593135237693786621e-01
4.283099174499512274e-01,-1.134917736053466797e-01
-7.970467209815980114e-01,-6.144678592681884766e-01
-5.205428600311279297e-01,-6.559201478958129883e-01
1.957739144563674927e-01,-5.725021362304687500e-01
1.193036198616028054e+00,9.953652620315551758e-01
6.657810807228088379e-01,9.440934062004089355e-01
1.647385478019714578e+00,9.582927227020263672e-01
-1.722883701324462669e+00,-6.581294536590576172e-01
-9.921436756849291716e-02,1.965603232383728027e-01
-1.846375912427902499e-01,2.508382201194763184e-01
2.435104250907897949e-01,1.410901546478271484e-02
-1.349426269531250000e+00,-6.010862588882446289e-01
-3.166756927967071533e-01,-1.228638291358947754e-01
-4.454386234283447266e-01,1.303227245807647705e-01
-1.605561375617980957e+00,-1.170409202575683594e+00
5.651934742927551270e-01,9.962648153305053711e-01
2.778771221637725275e-01,1.303227245807647705e-01
5.253980755805969238e-01,8.603948354721069336e-01
1.660800099372863770e+00,1.463718175888061523e+00
-5.061411857604980469e-01,-2.596947550773620605e-01
4.246309697628020685e-01,7.740421891212463379e-01
-2.990885674953460693e-01,-5.218247175216674805e-01
-1.120009273290633878e-01,3.413952291011810303e-01
9.381573796272275612e-01,3.175369501113891602e-01
-1.007284760475158691e+00,-6.372931003570556641e-01
-9.755435585975648360e-02,4.755180776119232178e-01
3.909821212291718084e-01,-6.102871894836425781e-02
2.046250039711594148e-03,-1.104168653488159180e+00
5.154380202293394886e-01,2.632444202899932861e-01
-2.263015031814575195e+00,-1.592871189117431641e+00
4.400197267532349188e-01,6.987837553024291992e-01
-2.541121467947959553e-02,-3.644914627075195312e-01
-6.390765905380247913e-01,-2.289389967918395996e-01
-4.291525781154633123e-01,1.031411290168762207e-01
2.212775945663452148e+00,9.511354565620422363e-01
-9.194836616516112171e-01,-6.854079961776733398e-01
-7.103905826807020707e-02,1.604415774345397949e-01
1.065394878387451172e+00,5.940916538238525391e-01
-1.454859375953674094e+00,-4.022762179374694824e-01
1.133096337318420410e+00,1.029362201690673828e+00
-8.387049287557603316e-02,3.359521329402923584e-01
7.366679906845091663e-01,3.343020081520080566e-01
1.584461182355881015e-01,2.174526453018188477e-01
-3.431461155414580744e-01,5.441172122955322266e-01
-1.037748217582702637e+00,-5.763548612594604492e-01
1.041033148765563965e+00,4.153396487236022949e-01
3.992373049259185791e-01,3.940141201019287109e-01
-1.658816337585449219e+00,-8.063913583755493164e-01
1.739403843879699485e+00,7.526714205741882324e-01
1.833216905593872070e+00,4.695104956626892090e-01
4.455381333827972967e-01,1.125567436218261719e+00
-1.994430869817733765e-01,-5.736815929412841797e-02
3.525775671005248468e-01,-7.310688495635986328e-03
-6.647394299507141113e-01,-1.174693465232849121e+00
-4.831253588199617144e-01,-3.704034686088562012e-01
-1.154532194137573242e+00,-7.184429168701171875e-01
4.027367830276489258e-01,-4.731062054634094238e-01
-6.507200002670286698e-02,2.485565841197967529e-01
6.865985393524169922e-01,-6.457961797714233398e-01
-1.666084408760070579e+00,-5.160734653472900391e-01
4.584592878818511963e-01,1.129690527915954590e+00
-1.463652968406677024e+00,-1.122243285179138184e+00
-3.003232367336750031e-02,5.934840440750122070e-02
6.566286087036132812e-01,-1.195877790451049805e-02
-9.622850418090820312e-01,-8.701177835464477539e-01
2.753198146820068359e-01,8.800913095474243164e-01
-2.397553063929080963e-02,3.570933341979980469e-01
-6.907163262367248535e-01,9.037793874740600586e-01
-7.311398386955261230e-01,-3.424004912376403809e-01
2.415431737899779829e+00,1.411360383033752441e+00
-1.530525386333465576e-01,1.450155377388000488e-01
-3.876971900463104248e-01,-6.629636287689208984e-01
1.346227377653121948e-01,3.523402214050292969e-01
-1.635082602500915305e+00,-1.800238847732543945e+00
4.506078958511353094e-01,1.050234198570251465e+00
-7.235127687454222523e-01,-2.843300700187683105e-01
-2.264519035816192627e-01,-7.875609397888183594e-02
2.878574609756469727e+00,1.463718175888061523e+00
1.257731676101684348e+00,1.222142934799194336e+00
2.657209873199462891e+00,2.692188978195190430e+00
-1.939695328474044800e-01,5.902170538902282715e-01
-4.204936325550079346e-01,3.481952548027038574e-01
2.001147031784057617e+00,-1.461036205291748047e-01
-9.833267927169802025e-01,-9.467810392379760742e-01
5.952082276344300427e-01,5.206791758537292480e-01
1.063734889030456321e+00,1.062522053718566895e+00
-3.666105866432189386e-01,-5.849899053573608398e-01
-9.306999444961547852e-01,-1.008247733116149902e+00
1.270405203104019165e-01,3.664231300354003906e-02
-4.555781483650208075e-01,-1.155613064765930176e-01
1.989751338958740012e+00,-4.344147443771362305e-02
-2.750408351421356201e-01,-8.194780349731445312e-01
3.803939521312713623e-01,-1.228638291358947754e-01
-8.045392036437988281e-01,-7.088530063629150391e-01
2.247119247913360318e-01,2.826231122016906738e-01
1.199092984199523926e+00,1.402894139289855957e+00
1.308092027902603149e-01,8.369858264923095703e-01
1.425706863403320312e+00,1.290546357631683350e-01
-7.232884168624877930e-01,-7.740173339843750000e-01
-1.039408206939697266e+00,-2.076104879379272461e-01
1.891554147005080830e-02,-5.294650793075561523e-02
7.317777276039123535e-01,6.407232284545898438e-01
-1.113525390625000000e+00,-7.115610837936401367e-01
-1.102488636970520020e+00,-1.033785581588745117e+00
6.399836540222167969e-01,-2.550064921379089355e-01
1.347731232643127219e+00,9.493442177772521973e-01
-4.690825641155241810e-01,-1.031221985816955566e+00
-3.377622961997985285e-01,-6.102871894836425781e-02
3.014740228652954102e+00,2.606388330459594727e+00
-2.590688467025756836e-01,-3.505650758743286133e-01
1.544913530349731667e+00,6.407232284545898438e-01
1.076700925827026367e+00,9.235966801643371582e-01
5.616491436958311878e-01,7.029257416725158691e-01
-1.015629649162292480e+00,-9.234194755554199219e-01
1.644334673881530762e+00,9.777864217758178711e-01
-3.496515750885009766e-01,-7.022932767868041992e-01
-3.738787472248076837e-01,-7.240470647811889648e-01
-1.091361999511718528e+00,-8.623366355895996094e-01
-7.978543043136594459e-01,-6.058499813079833984e-01
-1.722749114036559837e+00,-1.033785581588745117e+00
-6.100039482116699219e-01,-9.530532360076904297e-02
-1.309340149164200107e-01,-4.764318466186523438e-03
1.059217029251158237e-03,2.906674742698669434e-01
2.693371295928955078e+00,1.278328299522399902e+00
-6.055623292922972523e-01,-3.964449763298034668e-01
4.407824277877808172e-01,1.102022647857666016e+00
3.072481632232666016e+00,2.638272523880004883e+00
5.286283493041992188e-01,3.833942711353302002e-01
-1.085708975791931152e+00,-5.664702653884887695e-01
-5.395208597183227539e-01,-1.346207857131958008e-01
1.116944909095763938e+00,7.179046869277954102e-01
-4.925918877124785822e-01,-8.630945682525634766e-01
1.461082100868225098e-01,9.962171316146850586e-02
-2.247222661972045010e+00,-7.355352640151977539e-01
6.065590977668762207e-01,6.203334331512451172e-01
-1.060674309730529563e+00,-1.147614002227783203e+00
1.276036739349365234e+00,1.135784149169921875e+00
1.149517059326172097e+00,3.348730206489562988e-01
4.174525737762451172e-01,-5.220445394515991211e-01
-1.105180501937866211e+00,-8.470889329910278320e-01
4.812274500727652810e-02,-8.519527912139892578e-01
-1.163528487086295943e-01,-1.556693315505981445e-01
8.634784072637557983e-02,-4.016239643096923828e-01
-7.945791482925413929e-01,1.794218122959136963e-01
4.207277297973632257e-01,-3.373761773109436035e-01
-1.043580651283263938e+00,-8.302069902420043945e-01
-1.122139453887939453e+00,-1.042863249778747559e+00
-1.592887938022613803e-01,1.187064647674560547e-01
-5.127812027931213379e-01,4.537675976753234863e-01
2.378059148788452148e+00,9.395409822463989258e-01
3.111221790313721258e-01,2.195823788642883301e-01
-1.050759077072143555e+00,8.731722831726074219e-03
8.314680457115173340e-01,9.020487070083618164e-01
3.765355646610260010e-01,-3.886637091636657715e-01
8.604958057403564453e-01,1.526894450187683105e+00
1.195929124951362471e-01,7.494986057281494141e-02
-3.385698795318603516e-01,-2.025068998336791992e-01
1.035604476928710493e+00,4.433171153068542480e-01
1.972311362624168396e-02,-9.256631135940551758e-01
1.339161992073059304e+00,1.174294352531433105e+00
-4.233649969100952704e-01,1.310799717903137207e-01
-2.768354415893554688e-01,-7.042682170867919922e-01
-5.028660297393798828e-01,-7.022932767868041992e-01
-1.369166970252990723e+00,-3.244897723197937012e-01
5.878055095672608532e-01,8.877012729644775391e-01
-6.344554424285888672e-01,5.014727711677551270e-01
1.010187417268753052e-01,4.558264613151550293e-01
-2.753100395202637274e-01,-2.880286574363708496e-01
-3.778268694877625067e-01,3.174193501472473145e-01
8.699174523353575550e-01,9.962171316146850586e-02
-4.737036824226379950e-01,-1.147614002227783203e+00
4.305083155632019043e-01,4.297872781753540039e-01
-1.365654915571212769e-02,-8.303642272949218750e-01
8.605406880378724255e-01,6.445824503898620605e-01
-3.636046350002288263e-01,-3.704708218574523926e-01
-7.895093560218811035e-01,-2.956036925315856934e-01
2.610236167907715288e+00,8.243383169174194336e-01
-1.177772283554077148e+00,-3.738183975219726562e-01
6.591859459877015270e-01,2.961131334304809570e-01
4.088384509086608332e-01,-4.274988174438476562e-02
-1.449026942253112793e+00,-1.822635650634765625e+00
1.728277325630187988e+00,1.029407024383544922e+00
-8.055262565612794079e-01,-3.505650758743286133e-01
-8.402518630027770996e-01,-4.173903465270996094e-01
-7.662243843078612171e-01,-2.741008996963500977e-01
-1.596543431282043457e+00,-1.101966023445129395e+00
4.730404615402221125e-01,1.532473266124725342e-01
5.699940323829650879e-01,1.021742105484008789e+00
1.087244153022765891e+00,1.095494985580444336e+00
8.222706913948059082e-01,1.017897248268127441e+00
2.740187048912047785e-01,-6.477754116058349609e-01
-3.423834145069122314e-01,-7.022932767868041992e-01
5.521377325057983398e-01,-3.244897723197937012e-01
1.958121418952941672e+00,6.806054711341857910e-01
1.702905148267745972e-01,-1.638593673706054688e-01
-8.900843560695648193e-03,7.402589917182922363e-02
8.733272552490234375e-01,8.086298704147338867e-01
1.026272535324096680e+00,2.614791989326477051e-01
1.005679368972778320e+00,8.312225341796875000e-03
5.952531099319456898e-01,1.152558445930480957e+00
7.747136354446412243e-01,1.492447853088378906e-01
-2.501406967639923096e-01,-4.831403493881225586e-02
-6.193358898162841797e-01,-2.940410971641540527e-01
-8.687645196914672852e-02,4.206472635269165039e-01
1.400941252708435059e+00,-2.438402175903320312e-02
1.398719549179076871e-01,3.575801849365234375e-03
-1.783564686775207797e-01,-4.387753009796142578e-01
4.458521902561187744e-01,-1.342211961746215820e-01
2.276730239391326627e-01,-2.310137748718261719e-01
9.289815276861189408e-02,-1.346207857131958008e-01
5.529452562332153320e-01,-6.393771171569824219e-01
-7.692751884460449219e-01,-5.251604318618774414e-01
-9.779429435729981579e-01,-5.528876781463623047e-01
-2.636002302169800360e-01,-1.137217283248901367e-01
2.048569440841674805e+00,1.114853739738464355e+00
1.329695463180542214e+00,4.025167524814605713e-01
-4.893167316913604181e-01,-6.801521778106689453e-01
-1.054506227374076704e-01,-2.189027070999145508e-01
-9.350967407226560280e-01,-1.170409202575683594e+00
-4.806129038333892267e-01,-3.504777550697326660e-01
-1.347924172878265381e-01,-6.416110992431640625e-01
7.361296415328979492e-01,-9.990745782852172852e-02
-8.081284165382386364e-01,4.241963624954223633e-01
1.014786958694457786e+00,1.080683827400207520e+00
-9.508677572011947632e-02,3.537680208683013916e-01
2.281880751252174377e-02,-2.438402175903320312e-02
1.886606335639953613e+00,6.678839921951293945e-01
3.605186939239501398e-01,-1.370189189910888672e-01
1.477615714073181152e+00,1.161246895790100098e+00
-9.719543904066084428e-02,-1.461036205291748047e-01
-1.676493167877197044e+00,-8.238511085510253906e-01
-2.741435468196868341e-01,-6.018790006637573242e-01
-1.070948362350463867e+00,-1.753415465354919434e-01
6.647492051124571644e-01,4.019715189933776855e-01
7.741968333721160889e-02,-1.195877790451049805e-02
-1.556478857994079812e+00,-1.296994090080261230e+00
1.021427035331726074e+00,3.427904248237609863e-01
1.897619813680649081e-01,-1.182542443275451660e-01
-9.744434952735899769e-01,-1.973927021026611328e-01
-3.479915559291840155e-01,-2.181554436683654785e-01
-5.427062511444091797e-01,2.643598020076751709e-01
6.138272881507873535e-01,3.434015214443206787e-01
1.129776358604431152e+00,9.962648153305053711e-01
-4.540975987911223810e-01,-8.094489574432373047e-03
-2.325602054595947266e+00,-9.463530778884887695e-01
-2.728424370288848877e-01,-1.194250583648681641e-02
-1.704847931861877663e+00,-1.147614002227783203e+00
8.765126466751097523e-01,5.582539439201354980e-01
-9.490049481391905628e-01,-8.068220615386962891e-01
-1.053271532058716042e+00,-7.057567834854125977e-01
6.172819137573242188e-01,3.482431173324584961e-01
-1.648497343063354492e+00,-5.218247175216674805e-01
9.021306633949279785e-01,3.964176177978515625e-01
-3.575478196144103449e-01,8.451261520385742188e-01
2.841582298278808594e-01,-8.094489574432373047e-03
2.013305425643920898e+00,2.518709421157836914e+00
-6.943504214286804199e-01,-3.698243498802185059e-01
1.232786655426025391e+00,1.138725042343139648e+00
2.651354074478148859e-01,4.605401456356048584e-01
4.602987766265869141e-01,-7.665292024612426758e-01
1.098236203193664107e+00,1.169971227645874023e+00
1.604135513305664062e+00,-8.876371383666992188e-02
-9.450352936983104357e-02,1.734310984611511230e-01
-9.408394694328308105e-01,-1.592871189117431641e+00
-1.390208721160888672e+00,-1.157722711563110352e+00
-1.075210571289062500e+00,-1.784404516220092773e-01
1.682873725891113281e+00,1.134677052497863770e+00
-4.468743205070496161e-01,1.396753787994384766e-01
3.930584993213415146e-03,3.664354681968688965e-01
-9.414460510015487671e-02,2.603195309638977051e-01
-1.082658171653747337e+00,-2.890192866325378418e-01
7.138765454292297363e-01,3.272610008716583252e-01
1.019946455955505149e+00,8.115695714950561523e-01
2.094129174947738370e-01,-5.375986099243164062e-01
-1.866116523742675781e-01,-5.826425552368164062e-01
1.282407522201538086e+00,-4.448219537734985352e-01
-1.082972288131713867e+00,-2.854179739952087402e-01
6.658259630203247070e-01,1.520005762577056885e-01
3.296089649200439897e+00,2.040061235427856445e+00
-5.414500236511230469e-01,-1.328281164169311523e-01
-1.382850885391234907e+00,-1.113089084625244141e+00
-4.184746742248535156e-01,-5.530313253402709961e-01
8.215977549552916370e-01,4.433854222297668457e-01
-1.038286566734313965e+00,-2.344310283660888672e-01
4.406029880046845038e-01,-1.296994090080261230e+00
2.924134135246276855e-01,3.205856680870056152e-01
-3.029021024703979492e-01,3.701654672622680664e-01
1.779961943626403809e+00,9.953652620315551758e-01
-1.858040839433670044e-01,9.239974617958068848e-02
-2.254311323165893111e+00,-1.426628351211547852e+00
-4.486689269542694647e-01,-8.910142183303833008e-01
8.521957397460937500e-01,-2.125875353813171387e-01
-1.985009163618088046e-01,-6.144678592681884766e-01
-1.766088843345642090e+00,-3.970779776573181152e-01
1.301699519157409668e+00,9.373493194580078125e-01
-1.081177592277526855e+00,4.673602283000946045e-01
-1.370019435882568137e+00,-7.338993549346923828e-01
-7.618275880813598633e-01,-5.467191934585571289e-01
-7.083034515380859375e-01,-3.461301922798156738e-01
-1.383882761001586914e+00,-8.019487857818603516e-01
3.969043195247649591e-01,6.089916825294494629e-01
-1.070140838623046653e+00,6.784356832504272461e-01
-8.586787618696691340e-03,-6.511677503585815430e-01
7.685671448707580566e-01,6.032994985580444336e-01
-3.675976097583770197e-01,-7.427656650543212891e-02
1.020036220550537109e+00,3.650530576705932617e-01
-2.657088935375213623e-01,2.440376877784729004e-01
-1.670750379562377930e+00,-9.796260595321655273e-01
8.760406821966171265e-02,3.540933132171630859e-02
-5.055130720138548694e-01,-7.100245952606201172e-01
5.410111546516417347e-01,-4.448219537734985352e-01
2.350332498550415039e+00,8.615511655807495117e-02
9.805549383163454369e-01,1.332009196281433105e+00
-1.338951140642166138e-01,1.398023962974548340e-01
-3.135800063610076904e-01,-2.129303216934204102e-01
2.690386772155761719e-01,3.964176177978515625e-01
7.652919888496398926e-01,1.429806351661682129e-01
-7.139564752578735352e-01,-1.331959486007690430e+00
-1.063007235527038352e+00,-1.329580903053283691e+00
-7.329792976379393421e-01,-6.522036790847778320e-01
-2.815911471843719482e-01,-5.234090089797973633e-01
6.050336956977844238e-01,6.242183446884155273e-01
5.358965396881103516e-01,-4.837192893028259277e-01
1.778727322816848755e-01,-1.922901868820190430e-01
1.235613226890563965e+00,7.621094584465026855e-01
-1.453199386596679688e+00,-7.959728240966796875e-01
8.100673556327820934e-01,8.251514434814453125e-01
8.706568926572798295e-02,6.379690766334533691e-01
1.004333376884460671e+00,8.391834497451782227e-01
-1.148834228515625000e+00,-8.325605392456054688e-01
6.715686917304992676e-01,1.325466275215148926e+00
3.608776330947875977e-01,1.029701471328735352e+00
-5.495706200599671520e-01,-7.444088459014892578e-01
-1.401335239410400613e+00,-7.770582437515258789e-01
-4.112962782382964533e-01,2.931154072284698486e-01
1.848716884851455966e-01,6.346679329872131348e-01
-1.419460773468017578e+00,-1.609370231628417969e+00
-1.418698072433471902e+00,-4.173903465270996094e-01
1.324760198593139426e+00,1.359289646148681641e+00
-1.444136619567871094e+00,-7.088530063629150391e-01
7.708552479743956409e-01,-7.355352640151977539e-01
1.648618280887603482e-01,7.500526905059814453e-01
-7.655513882637023926e-01,-7.109552621841430664e-02
-1.590845584869384988e+00,-9.323617219924926758e-01
-3.958859667181967995e-02,6.544500589370727539e-01
-3.549007773399353027e-01,-6.484431028366088867e-02
9.030728340148925781e-01,8.602142333984375000e-02
3.937188982963561457e-01,2.633169889450073242e-01
1.326106190681457520e+00,4.695104956626892090e-01
1.766995906829833984e+00,1.223286390304565430e+00
1.598482489585876465e+00,7.067096233367919922e-01
-5.291121006011961780e-01,-7.408601045608520508e-02
-1.810932457447052280e-01,-5.742464065551757812e-01
1.549085974693298562e+00,4.926544427871704102e-01
-1.783116012811660767e-01,-2.400391101837158203e-01
8.517919778823852539e-01,-5.218247175216674805e-01
1.308519124984741211e+00,1.574423909187316895e+00
-1.051701188087463157e+00,-7.783457040786743164e-01
9.325940608978271484e-01,-6.477754116058349609e-01
-4.818116780370473862e-03,-2.531459927558898926e-01
4.541073739528656006e-01,-3.232391476631164551e-01
7.482880949974061169e-01,1.729195415973663330e-01
-1.703681468963623047e+00,-4.950516223907470703e-01
-3.796663582324982245e-01,-1.466537714004516602e-01
-1.077678203582763672e+00,9.395409822463989258e-01
-1.094884797930717468e-01,-9.372389316558837891e-02
-1.369929671287536621e+00,-4.022762179374694824e-01
2.472679615020751953e+00,2.006380319595336914e+00
-2.258471027016640056e-02,8.338996171951293945e-01
-1.661531478166580200e-01,5.400497317314147949e-01
-5.202736854553222656e-01,3.561173677444458008e-01
-2.259425878524779829e+00,-1.755243778228759766e+00
-7.967326641082763672e-01,-9.320783615112304688e-01
5.566242337226867676e-01,5.487827062606811523e-01
1.408658027648925559e+00,-1.592871189117431641e+00
-4.493867754936217707e-01,2.014572620391845703e-01
3.545067608356475830e-01,-8.157060146331787109e-01
-1.021417260169982910e+00,-5.653240680694580078e-01
1.960431039333343783e-01,1.595333695411682129e+00
4.367894232273101252e-01,-6.854079961776733398e-01
-1.571801304817199707e-01,-4.837192893028259277e-01
5.541566610336303711e-01,-4.448219537734985352e-01
-7.432982921600339576e-01,-3.189258575439453125e-01
-2.989539504051208496e-01,-8.797985315322875977e-01
6.296197772026062012e-01,4.608620405197143555e-01
-1.028371334075927512e+00,1.031411290168762207e-01
8.012289404869078480e-01,8.623104095458984375e-01
-7.023364305496215820e-01,-4.022762179374694824e-01
-1.067314267158508523e+00,-8.359153270721435547e-01
1.778571128845214844e+00,1.215809345245361328e+00
-2.269116878509521484e+00,-1.296994090080261230e+00
-1.615745782852172852e+00,-1.044794082641601562e+00
1.410587310791015625e+00,1.595333695411682129e+00
1.162707328796386719e+00,5.786671042442321777e-01
-1.084811687469482422e+00,-1.099406361579895020e+00
-8.551470637321472168e-01,5.111497640609741211e-02
3.430213034152985174e-01,-8.548754453659057617e-01
3.136346340179443914e-01,3.290162086486816406e-01
7.846288681030273438e-01,3.710718154907226562e-01
8.495702594518661499e-02,-1.481732726097106934e-01
9.693601727485658126e-02,4.083809256553649902e-02
-2.947366237640380859e-01,-5.690073966979980469e-01
-2.884106636047362726e-01,-2.129303216934204102e-01
7.168376445770263672e-01,-3.493868112564086914e-01
2.472790926694869995e-01,2.859040498733520508e-01
2.361817836761474609e+00,2.109220504760742188e+00
-1.643651843070983665e+00,-1.113158345222473145e+00
3.616529051214456992e-03,1.746618747711181641e-02
-1.002125263214111106e+00,-5.849899053573608398e-01
1.984726428985595925e+00,1.491363763809204102e+00
8.314231634140013538e-01,5.737985372543334961e-01
1.776193261146545188e+00,1.245156288146972656e+00
7.181835770606993519e-01,9.325459003448486328e-01
-1.656528115272521973e+00,-7.054781913757324219e-01
1.383802771568298340e+00,1.580813527107238770e+00
3.567051589488983154e-01,1.936309337615966797e-01
-1.416903495788574219e+00,-4.837192893028259277e-01
5.922920107841491699e-01,8.416696190834045410e-01
1.067817568778991699e+00,2.252264022827148438e-01
-1.029358386993408203e+00,-5.530313253402709961e-01
-8.991149067878723145e-01,-9.314055442810058594e-01
-5.130055546760559082e-01,-9.990745782852172852e-02
9.276355803012850676e-02,-1.155613064765930176e-01
1.450023770332336426e+00,8.251514434814453125e-01
-9.011338353157043457e-01,-2.133222818374633789e-01
9.976252168416976929e-02,3.561173677444458008e-01
9.209058433771132035e-02,3.149305582046508789e-01
-9.243739843368530273e-01,-9.023087024688720703e-01
-1.772797107696532926e-01,1.743407547473907471e-01
1.451211720705032349e-01,6.518861055374145508e-01
1.053101897239685059e+00,6.053066253662109375e-01
5.297499895095825195e-01,-4.173903465270996094e-01
-1.319659203290939331e-01,2.708389759063720703e-01
6.855217814445495605e-01,1.480468213558197021e-01
1.066965222358703613e+00,1.674861550331115723e+00
1.077329039573669434e+00,1.182054042816162109e+00
1.605099141597747803e-01,2.650800347328186035e-01
-1.674991101026535034e-01,-4.998364448547363281e-01
-3.432807326316833496e-01,4.673423767089843750e-01
3.819193840026855469e-01,-3.819600343704223633e-01
3.529131785035134056e-02,-2.623869776725769043e-01
-2.821295261383056641e-01,-3.739505410194396973e-01
6.979045271873473011e-01,-3.244897723197937012e-01
4.450894892215728760e-01,1.392352581024169922e+00
4.028265178203583319e-01,8.878135085105895996e-01
-7.882083058357237659e-01,-6.937667131423950195e-01
3.447261750698089600e-01,2.006832957267761230e-01
-1.064084053039550781e+00,-7.022932767868041992e-01
-9.436211585998536266e-01,-1.296994090080261230e+00
-1.656707644462585449e+00,-1.232288479804992676e-01
3.152264654636383057e-02,2.834634184837341309e-01
-2.805143892765045166e-01,-7.445539236068725586e-01
8.836677670478819413e-02,4.083809256553649902e-02
-3.001653254032135010e-01,1.730606555938720703e-01
-9.692624211311341720e-02,1.794218122959136963e-01
-7.593151330947877087e-01,3.455880284309387207e-02
-1.299469918012619019e-01,-3.461301922798156738e-01
7.811742424964903675e-01,9.354008436203002930e-01
4.009188711643218300e-02,-1.020399332046508789e-01
1.847370862960815707e-01,2.226370573043823242e-02
1.156246781349181907e+00,8.088353276252746582e-01
-1.595131158828735352e-01,-5.149588584899902344e-01
-1.432965159416198508e+00,-5.742464065551757812e-01
6.184483766555786133e-01,5.274927616119384766e-01
7.835521101951598011e-01,5.949817299842834473e-01
5.866605415940284729e-02,7.895484566688537598e-02
-1.148722991347312788e-01,-1.556693315505981445e-01
-1.173847466707229753e-01,3.684984445571899414e-01
-6.186180710792541504e-01,-5.119160413742065430e-01
-4.787734448909761187e-01,-8.094489574432373047e-03
-1.769441179931163788e-02,6.872178316116333008e-01
7.755212187767026588e-01,5.068577527999877930e-01
1.481788277626037820e+00,1.248767137527465820e+00
3.144422173500061035e-01,3.088383674621582031e-01
-5.156077146530152477e-01,6.170436739921569824e-02
1.153307259082794051e-01,2.174526453018188477e-01
-2.314767986536026001e-01,2.466718852519989014e-01
9.585710167884824440e-01,3.047617971897125244e-01
-5.049297809600831188e-01,-8.228477239608764648e-01
3.966799974441528320e-01,7.085090875625610352e-01
5.127909779548645020e-01,1.606026589870452881e-01
-2.394179254770278931e-01,2.509471178054809570e-01
-1.041046679019927979e-01,4.608620405197143555e-01
6.782984733581544079e-01,3.664231300354003906e-02
-2.574088573455810547e-01,6.240267157554626465e-01
-7.538415789604187012e-01,-1.188541054725646973e-01
1.585807204246520996e-01,1.145845949649810791e-01
6.113597154617308460e-01,6.271438598632812500e-01
-1.687485098838805930e+00,-6.437708139419555664e-01
1.486992597579955833e+00,3.000509738922119141e-01
-1.286010295152663907e-01,5.043781995773315430e-01
1.802057176828384122e-01,-2.637706398963928223e-01
1.847887754440307617e+00,1.578495979309082031e+00
-3.609575927257537287e-01,1.352573037147521973e-01
2.627126872539520264e-01,-2.104443311691284180e-02
-1.426438242197036743e-01,-4.313833713531494141e-01
2.067658752202988226e-01,4.793715178966522217e-01
2.968550622463225763e-01,-7.025066614151000977e-01
-1.632704734802246094e+00,-1.592871189117431641e+00
-2.837231382727622639e-02,8.088353276252746582e-01
-1.665366649627685769e+00,-1.853128194808959961e+00
1.620197176933288352e+00,8.800913095474243164e-01
1.366631966084241694e-02,-1.170409202575683594e+00
2.312511205673217773e+00,1.134677052497863770e+00
-2.004681587219238281e+00,-1.609370231628417969e+00
1.358789503574371338e-01,-2.287813425064086914e-01
2.133140325546265093e+00,1.005942463874816895e+00
-2.006610870361328125e+00,-8.176153898239135742e-01
1.198195695877075417e+00,2.837392091751098633e-01
-7.223911285400389515e-01,-9.160096645355224609e-01
1.233145594596863015e+00,8.088353276252746582e-01
-1.079113841056823508e+00,-8.260504007339477539e-01
1.334810018539428711e+00,8.388587236404418945e-01
-4.817793965339660089e-01,-7.155302762985229492e-01
-1.099886417388916016e+00,-4.178431034088134766e-01
4.767194092273712158e-01,4.240267574787139893e-01
-9.687007665634156384e-01,-4.796167612075805664e-01
-4.669290482997893732e-01,-4.138441681861877441e-01
3.107183873653411865e-01,6.965807676315307617e-01
7.683643698692321777e-02,-5.536711215972900391e-02
2.205394655466079989e-01,4.472377300262451172e-01
-8.714564144611358643e-02,-6.705737113952636719e-01
-1.719294548034667969e+00,-1.345939874649047852e+00
-4.541424810886383057e-01,-2.274683117866516113e-01
-1.001003623008728027e+00,3.979851901531219482e-01
8.603612184524536133e-01,1.595333695411682129e+00
3.796312510967255194e-01,-3.505650758743286133e-01
5.140920877456663929e-01,6.394207477569580078e-01
-4.820270463824272156e-02,1.965347826480865479e-01
-1.696077734231948853e-01,-6.577677726745605469e-01
-1.667654752731323242e+00,-1.155462980270385742e+00
1.109048724174499512e+00,1.029701471328735352e+00
7.526615262031555176e-02,8.666950464248657227e-02
1.349839806556701660e+00,5.014727711677551270e-01
9.644483327865599476e-01,8.030210733413696289e-01
4.937233030796051025e-01,5.532710552215576172e-01
8.090354800224305309e-01,1.212218761444091797e+00
8.753013014793395996e-01,2.572472691535949707e-01
-1.442880392074584961e+00,-4.978440403938293457e-01
-1.670391559600830078e+00,-8.872958421707153320e-01
8.608547449111937366e-01,7.240178585052490234e-01
5.141944158822298050e-03,-8.303642272949218750e-01
5.766789317131041370e-01,-9.201735258102416992e-02
8.599125742912292480e-01,5.804545879364013672e-01
3.036296963691711426e-01,7.846653461456298828e-03
4.684193730354309082e-01,1.344902753829956055e+00
-3.471391201019287109e-01,-2.985018491744995117e-01
6.034185886383056641e-01,2.066859006881713867e-01
-1.673218011856079324e+00,-9.457412958145141602e-01
7.952834665775299072e-02,2.906674742698669434e-01
1.505498588085174561e-01,3.070549368858337402e-01
1.449216127395629883e+00,9.431515932083129883e-01
-9.909538626670836292e-01,5.265424847602844238e-01
7.383047044277191162e-02,1.232541203498840332e-01
-7.908553481101988636e-01,-1.537094712257385254e-01
-5.203633904457092285e-01,-1.638593673706054688e-01
-7.679292559623718262e-01,-8.838287591934204102e-01
3.624927699565888006e-01,3.773828744888305664e-01
1.287453919649124146e-01,-1.536315679550170898e-01
-8.297085165977478027e-01,-3.739505410194396973e-01
3.518148660659790039e-01,4.615461230278015137e-01
-7.899131774902341530e-01,8.014973998069763184e-02
-9.696877598762512207e-01,-2.498597502708435059e-01
8.544390201568603516e-01,1.763044595718383789e-01
1.302372574806213157e+00,9.913074970245361328e-01
2.632623910903930220e+00,3.055898189544677734e+00
-6.784232854843139648e-01,-5.367833375930786133e-02
1.019587635993957520e+00,1.751824617385864258e-01
-7.461696863174438477e-01,-1.315915584564208984e-01
-2.845073938369750421e-01,3.879375457763671875e-01
-1.656976819038390891e+00,-1.013874173164367676e+00
5.221229195594787598e-01,3.366358876228332520e-01
1.244137644767761453e+00,3.884851634502410889e-01
-7.298836112022399902e-01,-7.912297248840332031e-01
1.228031039237976074e+00,2.279344797134399414e+00
1.312129795551300326e-01,-1.095184087753295898e+00
2.633408010005950373e-01,1.303227245807647705e-01
-7.771266102790832520e-01,-5.451714992523193359e-01
-2.264070361852645874e-01,2.287174463272094727e-01
6.713443994522094727e-01,6.440086960792541504e-01
9.312248229980467362e-02,7.067096233367919922e-01
-3.844220638275145374e-01,-3.071311116218566895e-01
6.207813620567321777e-01,7.206786274909973145e-01
1.360135525465011874e-01,3.798676729202270508e-01
-5.230104327201843262e-01,-1.638593673706054688e-01
-1.045599579811096191e+00,-3.199900984764099121e-01
1.750013530254364291e-01,6.407232284545898438e-01
7.638562917709349476e-01,4.063723087310791016e-01
-7.681535482406616211e-01,-2.979369163513183594e-01
-6.759557127952575684e-01,-5.745762586593627930e-02
-6.313597559928895153e-01,4.472377300262451172e-01
-5.940319895744323730e-01,7.012785077095031738e-01
-1.088042020797729492e+00,-1.033785581588745117e+00
3.762663602828978937e-01,7.861003875732421875e-01
-1.060539722442626731e+00,-5.750364065170288086e-01
1.164523512125015259e-01,8.616888523101806641e-02
-7.301312685012817383e-02,9.969201683998107910e-02
-2.727527320384979248e-01,5.163279771804809570e-01
2.271795123815536499e-01,2.103088796138763428e-01
-4.646857678890228271e-01,5.555149912834167480e-02
-3.623484075069426935e-01,5.399942398071289062e-02
1.299770355224609153e+00,4.297872781753540039e-01
8.256356120109558105e-01,-1.242986679077148438e+00
-5.093714594841004528e-01,-2.573060989379882812e-01
-1.766515970230102539e-01,8.045094013214111328e-01
4.410964846611023504e-01,-8.651468753814697266e-01
-7.689611315727234997e-01,1.494123339653015137e-01
4.168244600296020508e-01,-1.010718226432800293e+00
-1.750364452600479126e-01,6.504029035568237305e-02
-4.563408792018889826e-01,1.222684979438781738e-01
-4.465835914015769265e-02,2.821000814437866211e-01
8.877056092023848100e-02,1.681873202323913574e-02
-5.389824509620666504e-01,-3.837524056434631348e-01
-2.046923041343688965e-01,-3.232391476631164551e-01
8.335318565368653454e-01,4.403190910816192627e-01
-1.334441304206847922e+00,-9.256631135940551758e-01
-1.629160404205322266e+00,-7.954264879226684570e-01
9.141993522644044079e-01,2.698150873184204102e-01
-6.219829320907592773e-01,6.266915798187255859e-02
1.090496033430099487e-01,1.940957605838775635e-01
2.163244724273681641e+00,6.873854398727416992e-01
-1.688001900911331177e-01,2.130311131477355957e-01
-3.351152539253234308e-01,-5.849899053573608398e-01
-2.282465100288391113e-01,-1.869152784347534180e-01
2.069453299045563022e-01,1.212218761444091797e+00
-7.410550117492674671e-01,-6.937667131423950195e-01
-4.287039339542388361e-01,-3.911972045898437500e-01
-1.048246622085571289e+00,-7.022932767868041992e-01
-2.933906912803649347e-01,-5.719810724258422852e-02
6.934180259704589844e-01,1.225267410278320312e+00
-7.030093669891356312e-01,-8.511632680892944336e-01
-2.005982637405395508e+00,-3.244897723197937012e-01
-2.703300118446350653e-01,-8.136548995971679688e-01
5.489073991775511585e-01,6.661278605461120605e-01
-1.089971184730529563e+00,-9.004075527191162109e-01
5.462603569030761719e-01,-7.959728240966796875e-01
1.570800662040710449e+00,1.405494689941406250e+00
-3.902096450328825794e-01,1.031411290168762207e-01
4.891470670700073242e-01,2.232344746589660645e-01
3.019697070121765137e-01,-6.629636287689208984e-01
-5.116380378603935936e-02,3.833942711353302002e-01
-1.820802837610244751e-01,-6.522036790847778320e-01
9.644249826669694381e-02,8.502558469772338867e-01
1.150166690349578996e-01,6.376336216926574707e-01
4.969087243080140270e-01,7.746570706367492676e-01
-1.640735626220703125e+00,-1.113158345222473145e+00
1.547671854496001920e-01,5.555149912834167480e-02
-1.041292548179626465e+00,-8.941689729690551758e-01
-1.668507218360900879e+00,-8.211259841918945312e-01
6.631340384483338513e-01,2.623159289360046387e-01
1.466465890407562256e-01,6.915024518966674805e-01
4.186639189720153253e-01,4.153396487236022949e-01
9.746327400207519531e-01,6.629562973976135254e-01
1.647789239883422852e+00,1.392352581024169922e+00
5.256224274635313831e-01,6.558324694633483887e-01
1.379405975341796875e+00,-5.367833375930786133e-02
-4.285244941711425226e-01,6.106811761856079102e-02
-1.639793515205383301e+00,-1.196287870407104492e+00
-1.426594376564025879e+00,-5.826425552368164062e-01
5.534836649894714355e-01,-4.144460558891296387e-01
-4.253390431404113770e-01,-1.770700812339782715e-01
-3.605986535549163818e-01,-6.167269945144653320e-01
-1.613188505172729492e+00,-5.087710618972778320e-01
-2.607288658618927002e-01,-8.157060146331787109e-01
-4.645511806011198841e-01,-1.182542443275451660e-01
-1.942387223243713379e-01,-5.220445394515991211e-01
-1.405732035636901855e+00,-8.244867324829101562e-01
-9.718861579895021752e-01,-5.505408048629760742e-01
-1.690266728401184082e+00,-6.740456819534301758e-01
-1.111012935638427512e+00,-5.694854259490966797e-02
-1.468611359596252441e-01,3.116270601749420166e-01
-3.918248116970062256e-01,-1.722640395164489746e-01
3.506932258605957031e-01,-1.225637793540954590e-01
-3.995864689350128174e-01,-2.557364106178283691e-01
