-1.396175742149353027e+00,-8.676188588142395020e-01
1.895825266838073730e-01,5.839973688125610352e-01
-6.786476373672485352e-01,-7.270647883415222168e-01
-1.347721457481384277e+00,-1.235490441322326660e+00
-2.861225306987762451e-01,6.701873540878295898e-01
5.774416327476501465e-01,1.290298938751220703e+00
-6.920174360275268555e-01,-7.213548421859741211e-01
2.617256641387939453e-01,1.375644683837890625e+00
3.890529274940490723e-01,-3.344140946865081787e-01
-6.058315038681030273e-01,-1.258244872093200684e+00
-9.528956376016139984e-03,-2.208090126514434814e-01
-2.910577058792114258e-01,-5.023568272590637207e-01
-6.161738187074661255e-02,-3.551982045173645020e-01
-1.152558088302612305e+00,-3.367548882961273193e-01
3.838036954402923584e-01,-4.834101200103759766e-01
2.337231874465942383e+00,2.313665628433227539e+00
8.063435554504394531e-01,-4.284919798374176025e-01
-5.304814130067825317e-02,-8.190988898277282715e-01
-7.912142276763916016e-01,-6.863702535629272461e-01
6.663194894790649414e-01,-3.420264124870300293e-01
6.397144794464111328e-01,7.201942205429077148e-01
-1.784013360738754272e-01,-3.899912834167480469e-01
-1.110968112945556641e+00,6.215729713439941406e-01
1.008550763130187988e+00,1.626168787479400635e-01
-7.548735141754150391e-01,-2.807338237762451172e-01
-1.373204827308654785e+00,-9.357935786247253418e-01
7.229841351509094238e-01,6.683287024497985840e-01
1.960678696632385254e+00,1.817872524261474609e+00
1.634509205818176270e+00,1.294605493545532227e+00
-7.214040756225585938e-01,6.425395607948303223e-01
-5.035389661788940430e-01,1.733361482620239258e+00
2.959577739238739014e-01,3.231053352355957031e-01
8.616174459457397461e-01,-1.383753776550292969e+00
1.014069199562072754e+00,1.157755613327026367e+00
1.299118995666503906e-01,1.081300154328346252e-01
-7.911245226860046387e-01,-8.442109823226928711e-02
1.069477558135986328e+00,-7.668457031250000000e-01
-1.964819878339767456e-01,-3.376332819461822510e-01
-4.675122797489166260e-01,-3.994604200124740601e-02
1.278683781623840332e+00,2.067144632339477539e+00
-7.021569609642028809e-01,-5.555199384689331055e-01
-9.342891573905944824e-01,-4.643129706382751465e-01
-3.758079409599304199e-01,5.088333487510681152e-01
4.649198651313781738e-01,3.601797223091125488e-01
-9.975041747093200684e-01,2.530497312545776367e-01
-1.832252368330955505e-02,-6.936974525451660156e-01
-4.807026386260986328e-01,4.087479710578918457e-01
-1.146928369998931885e-01,7.908436655998229980e-01
-3.018701970577239990e-01,-9.897958636283874512e-01
3.961865007877349854e-01,-1.097534224390983582e-01
-9.847624897956848145e-01,-8.353307247161865234e-01
1.023490905761718750e+00,2.206466436386108398e+00
7.891602516174316406e-01,6.444027423858642578e-01
-1.139175030402839184e-03,-1.079851508140563965e+00
-4.761712551116943359e-01,-6.170205771923065186e-03
1.554649233818054199e+00,1.492884159088134766e+00
-7.251960784196853638e-02,-8.442095667123794556e-02
-6.785578727722167969e-01,-7.453932166099548340e-01
-8.422259092330932617e-01,8.462242782115936279e-03
-3.124583661556243896e-01,-1.032390236854553223e+00
1.777808427810668945e+00,-6.870892047882080078e-01
-2.096956595778465271e-02,-5.076949596405029297e-01
-1.635958403348922729e-01,6.172199845314025879e-01
-6.787822246551513672e-01,5.134229063987731934e-01
-1.611731201410293579e-01,1.428066611289978027e+00
3.683252334594726562e-01,-5.346257239580154419e-02
-1.456609129905700684e+00,-1.048141837120056152e+00
-8.424053788185119629e-01,3.670002222061157227e-01
-1.671602845191955566e+00,-5.163195133209228516e-01
4.399592399597167969e+00,-1.869197934865951538e-01
2.954857982695102692e-02,7.393790483474731445e-01
1.231844544410705566e+00,3.675988912582397461e-01
-7.570270299911499023e-01,2.252060174942016602e-01
-7.238501310348510742e-02,-6.688546389341354370e-02
1.036209240555763245e-01,-1.688571572303771973e-01
-9.045884609222412109e-01,-9.958387613296508789e-01
1.305827140808105469e+00,1.380271196365356445e+00
1.543185263872146606e-01,8.653289079666137695e-01
2.118917942047119141e+00,1.643402218818664551e+00
-1.610385328531265259e-01,9.671014547348022461e-01
4.702139794826507568e-01,1.301999092102050781e+00
-3.433255851268768311e-01,-7.646345496177673340e-01
6.691908240318298340e-01,2.244235575199127197e-01
1.453209161758422852e+00,3.418962955474853516e-01
-7.438366413116455078e-01,-6.927552074193954468e-02
9.449319839477539062e-01,5.580867528915405273e-01
6.157564520835876465e-01,1.180322289466857910e+00
1.608532190322875977e+00,9.300875663757324219e-01
1.837716065347194672e-02,7.709606885910034180e-01
-7.364339232444763184e-01,-7.639664411544799805e-01
-1.534563153982162476e-01,1.796570122241973877e-01
1.205418944358825684e+00,1.765418410301208496e+00
-1.633198261260986328e+00,-1.334025382995605469e+00
-2.988642454147338867e-01,-8.319109678268432617e-03
8.176496028900146484e-01,3.191407918930053711e-01
4.091525077819824219e-01,2.034679949283599854e-01
-1.799716204404830933e-01,-1.244736537337303162e-01
2.363074064254760742e+00,9.900479316711425781e-01
9.737802743911743164e-01,1.820375204086303711e+00
-1.171604245901107788e-01,2.971209883689880371e-01
3.173584342002868652e-01,5.391182899475097656e-01
-7.617827057838439941e-01,7.291682064533233643e-03
-7.429842352867126465e-01,-5.999447703361511230e-01
-1.183269172906875610e-01,1.085697412490844727e+00
2.371611073613166809e-02,7.030897736549377441e-01
-1.104148626327514648e+00,6.803469657897949219e-01
7.106910943984985352e-01,6.926791667938232422e-01
-1.724409103393554688e+00,-6.965390443801879883e-01
-1.420157104730606079e-01,-4.189271926879882812e-01
-4.964503049850463867e-01,-4.523044824600219727e-01
6.791957616806030273e-01,5.931031703948974609e-01
-2.251708984375000000e+00,-4.643132984638214111e-01
1.007294535636901855e+00,1.223948717117309570e+00
1.794543147087097168e+00,1.854851484298706055e+00
-6.871271133422851562e-01,-8.849670290946960449e-01
1.042603373527526855e+00,9.792147874832153320e-01
-2.306692153215408325e-01,-1.085190534591674805e+00
-1.397060509771108627e-02,-1.660395264625549316e-01
7.618373632431030273e-01,6.629220247268676758e-01
-1.524692922830581665e-01,2.082889676094055176e-01
-7.775752544403076172e-01,-6.535574197769165039e-01
-3.524780571460723877e-01,4.722015261650085449e-01
3.865404725074768066e-01,3.540653884410858154e-01
1.296943902969360352e+00,-3.336591720581054688e-01
-1.254156082868576050e-01,5.391506552696228027e-01
-4.434645771980285645e-01,-4.805060029029846191e-01
-2.248703241348266602e+00,-1.507893085479736328e+00
7.925914973020553589e-02,3.126347959041595459e-01
5.935482382774353027e-01,6.762095093727111816e-01
1.004378318786621094e+00,-9.533616155385971069e-02
1.203107535839080811e-01,2.680261135101318359e-01
-1.078037023544311523e+00,1.859064698219299316e+00
-4.169492721557617188e-01,3.297072649002075195e-01
4.467943608760833740e-01,1.566071391105651855e+00
1.485377430915832520e+00,-1.803523004055023193e-01
3.764458298683166504e-01,6.182683259248733521e-02
-1.039408206939697266e+00,-4.080741107463836670e-01
-6.545550227165222168e-01,-9.357936382293701172e-01
1.112009763717651367e+00,7.160669565200805664e-01
1.149269342422485352e-01,6.773777008056640625e-01
-1.659264922142028809e+00,-9.239981770515441895e-01
5.435900017619132996e-02,-4.499777257442474365e-01
2.898687031120061874e-03,5.342869758605957031e-01
-2.872441709041595459e-01,-7.467765808105468750e-01
-5.928439274430274963e-02,-5.146287083625793457e-01
2.143032103776931763e-01,3.418628573417663574e-01
3.423034548759460449e-01,5.580868721008300781e-01
-1.682169437408447266e-01,-1.182669475674629211e-01
-1.113929152488708496e+00,-8.138296604156494141e-01
1.086481451988220215e+00,2.284547984600067139e-01
3.300552666187286377e-01,-3.023171722888946533e-01
-1.644638895988464355e+00,-4.910613000392913818e-01
4.362061917781829834e-01,-5.254390835762023926e-01
7.676249742507934570e-01,7.033066153526306152e-01
-4.889578223228454590e-01,4.106886684894561768e-03
-3.770641684532165527e-01,-5.267106294631958008e-01
1.852957487106323242e+00,1.370028972625732422e+00
-9.793337583541870117e-01,-2.731075137853622437e-02
1.352711200714111328e+00,1.304369688034057617e+00
-1.656752467155456543e+00,-1.293256521224975586e+00
1.061177611351013184e+00,1.455136537551879883e+00
-1.659623861312866211e+00,1.626171767711639404e-01
5.242764353752136230e-01,7.943451404571533203e-01
1.115387305617332458e-02,4.484941810369491577e-02
5.586431622505187988e-01,1.789141893386840820e-01
5.619632005691528320e-01,7.553836703300476074e-01
6.992720067501068115e-02,4.105119109153747559e-01
9.855116158723831177e-02,5.926101654767990112e-02
-8.569416999816894531e-01,2.539213597774505615e-01
6.094753742218017578e-01,2.371222972869873047e-01
-6.830444335937500000e-01,-1.020129680633544922e+00
1.762015938758850098e+00,1.290298581123352051e+00
-1.741906523704528809e+00,2.855575382709503174e-01
3.339585363864898682e-01,9.692063331604003906e-01
1.067614853382110596e-01,8.856180906295776367e-01
-3.039339780807495117e-01,-9.130457639694213867e-01
5.503430962562561035e-01,-6.863704919815063477e-01
-3.100805282592773438e-01,1.468770503997802734e-01
6.236527562141418457e-01,4.450849890708923340e-01
-4.374974966049194336e-01,-4.943248629570007324e-02
-1.029178977012634277e+00,-4.643136262893676758e-01
9.683516025543212891e-01,1.398159861564636230e+00
-1.746437907218933105e+00,-1.465311199426651001e-01
2.099940061569213867e+00,1.894614934921264648e+00
-4.397856295108795166e-01,2.739481329917907715e-01
-5.481798052787780762e-01,-1.664432883262634277e-01
-6.145353317260742188e-01,-9.214258193969726562e-01
1.455407500267028809e+00,4.722012281417846680e-01
-7.793250083923339844e-01,-4.073822498321533203e-01
-1.603542447090148926e+00,-1.244180798530578613e+00
6.332987546920776367e-01,8.988970518112182617e-01
6.795547008514404297e-01,7.393792867660522461e-01
-8.542497754096984863e-01,1.625192910432815552e-02
-4.967194795608520508e-01,-4.499777853488922119e-01
-1.948901638388633728e-02,-2.855908572673797607e-01
5.631745457649230957e-01,-3.336589932441711426e-01
6.075910329818725586e-01,4.484947770833969116e-02
3.386693894863128662e-01,-1.523937135934829712e-01
2.473980665206909180e+00,1.550384759902954102e+00
1.429676413536071777e-01,-3.994602710008621216e-02
-1.695336461067199707e+00,-3.712950944900512695e-01
-6.693605184555053711e-01,-6.042212843894958496e-01
2.432659864425659180e+00,8.183245658874511719e-01
-5.010265707969665527e-01,-7.716547250747680664e-01
-3.038891255855560303e-01,-9.958388209342956543e-01
9.111485481262207031e-01,5.738605260848999023e-01
2.479072064161300659e-01,2.723819613456726074e-01
6.259408593177795410e-01,-1.350552588701248169e-02
5.432992577552795410e-01,-9.357936382293701172e-01
8.730580210685729980e-01,6.700901985168457031e-01
-1.098922714591026306e-01,-3.716155141592025757e-02
-4.604917764663696289e-02,1.357183754444122314e-01
-1.742288768291473389e-01,-3.330293893814086914e-01
3.829512596130371094e-01,3.588270545005798340e-01
1.092717766761779785e+00,-4.435774087905883789e-01
-4.730755686759948730e-01,-3.073244690895080566e-01
1.763945102691650391e+00,1.013553380966186523e+00
-1.109801650047302246e+00,-9.743635654449462891e-01
8.132976889610290527e-01,3.833231925964355469e-01
-1.105180501937866211e+00,-2.433048486709594727e-01
3.340034186840057373e-01,1.145492196083068848e+00
-2.958134114742279053e-01,-9.147001504898071289e-01
5.131947398185729980e-01,5.865882635116577148e-01
-1.102084755897521973e+00,3.297072947025299072e-01
1.177198767662048340e+00,8.053059577941894531e-01
8.198480010032653809e-01,-5.539021492004394531e-01
-7.884325981140136719e-01,-4.174623489379882812e-01
2.090539932250976562e-01,1.820291638374328613e+00
9.053609371185302734e-01,7.370128631591796875e-01
5.953876972198486328e-01,1.039304733276367188e+00
3.874826431274414062e-01,-4.435774087905883789e-01
-5.149347186088562012e-01,6.238035857677459717e-03
1.002897739410400391e+00,9.841712713241577148e-01
-3.133108019828796387e-01,-1.002515316009521484e+00
7.826547622680664062e-01,1.204923987388610840e+00
7.888910174369812012e-01,7.605021595954895020e-01
-4.872978031635284424e-01,-8.738182485103607178e-03
5.832292437553405762e-01,8.621087670326232910e-01
1.322897523641586304e-01,-7.896537780761718750e-01
1.474116325378417969e+00,4.498750567436218262e-01
2.632062137126922607e-01,-2.918542027473449707e-01
2.352552413940429688e-01,-4.080743193626403809e-01
-6.917482614517211914e-01,-9.789375066757202148e-01
-4.147293418645858765e-02,5.134230256080627441e-01
-1.047708272933959961e+00,-7.711163759231567383e-01
5.168737173080444336e-01,-2.888856828212738037e-01
-2.713618874549865723e-01,-1.325639784336090088e-01
1.833014041185379028e-01,-5.286516994237899780e-02
1.052069902420043945e+00,3.559900522232055664e-01
-8.358550667762756348e-01,5.580866932868957520e-01
-3.547661900520324707e-01,1.223392128944396973e+00
1.190096661448478699e-01,6.717153787612915039e-01
-3.195022046566009521e-01,-7.707880139350891113e-01
5.662702322006225586e-01,-2.318150550127029419e-01
5.973169207572937012e-01,-5.781662464141845703e-01
4.153887629508972168e-01,-3.727051019668579102e-01
-4.078865051269531250e-01,2.457161247730255127e-01
-2.266021013259887695e+00,-1.309334158897399902e+00
4.408488422632217407e-02,4.699877500534057617e-01
-6.314279884099960327e-02,-1.822930574417114258e-02
2.104896754026412964e-01,-4.943231493234634399e-02
1.282183289527893066e+00,6.771812438964843750e-01
2.722689807415008545e-01,-1.676679253578186035e-01
-8.370215892791748047e-01,-2.058805823326110840e-01
2.011577337980270386e-01,5.298280715942382812e-01
-1.385946512222290039e+00,-2.375316023826599121e-01
-8.811114355921745300e-03,-4.726992249488830566e-01
-2.833409011363983154e-01,-4.643134474754333496e-01
-1.000465273857116699e+00,-4.201297163963317871e-01
-7.450480461120605469e-01,-3.077885508537292480e-02
1.015684366226196289e+00,2.384875416755676270e-01
-1.104283213615417480e+00,-3.915998935699462891e-01
3.892840862274169922e+00,2.652185440063476562e+00
9.054058194160461426e-01,1.157755851745605469e+00
6.573464274406433105e-01,-3.767731040716171265e-02
-4.147060215473175049e-01,1.048635244369506836e+00
2.173989117145538330e-01,2.351712882518768311e-01
1.020754098892211914e+00,1.380271196365356445e+00
5.451835989952087402e-01,-3.336589336395263672e-01
1.128654718399047852e+00,1.577020645141601562e+00
3.860918283462524414e-01,-4.643130302429199219e-01
-2.889490425586700439e-01,3.715500235557556152e-01
5.353133082389831543e-01,-2.773764431476593018e-01
-1.011412382125854492e+00,-1.383753776550292969e+00
1.027080059051513672e+00,1.468482613563537598e+00
5.162007212638854980e-01,5.962793827056884766e-01
3.908475339412689209e-01,-3.639768958091735840e-01
1.411305069923400879e+00,1.270315170288085938e+00
-2.486152797937393188e-01,-2.439723610877990723e-01
-1.004189014434814453e+00,-8.923161029815673828e-01
3.834447860717773438e-01,-4.201298952102661133e-01
7.721563577651977539e-01,-9.214260578155517578e-01
7.720665931701660156e-01,7.759215235710144043e-01
-6.920174360275268555e-01,3.675990700721740723e-01
1.297841191291809082e+00,3.618135154247283936e-01
7.324058413505554199e-01,9.187366962432861328e-01
1.062613248825073242e+00,1.397805690765380859e+00
-1.169203042984008789e+00,-4.284562766551971436e-01
1.879966378211975098e+00,1.380271077156066895e+00
-1.357501983642578125e+00,-1.577281594276428223e+00
4.348602294921875000e-01,5.454454571008682251e-02
1.089397788047790527e+00,-2.978001236915588379e-01
-4.719090759754180908e-01,-8.392701148986816406e-01
2.584953904151916504e-01,5.088332891464233398e-01
1.442217230796813965e+00,9.475686550140380859e-01
-1.352656602859497070e+00,-7.280462980270385742e-01
-1.317033648490905762e+00,-8.768602013587951660e-01
3.202297985553741455e-01,3.594726920127868652e-01
-4.909767508506774902e-01,-6.040779352188110352e-01
-1.089836597442626953e+00,6.762870550155639648e-01
1.292771458625793457e+00,-1.910684257745742798e-01
-6.980742216110229492e-01,-6.895118951797485352e-01
1.510882377624511719e-01,-9.806133806705474854e-03
-6.661302447319030762e-01,-9.584929347038269043e-01
1.043814778327941895e+00,1.392758846282958984e+00
6.643454432487487793e-01,4.611614346504211426e-01
-2.222345769405364990e-01,-3.639767169952392578e-01
1.327541828155517578e+00,4.235060214996337891e-01
1.445447444915771484e+00,1.894614934921264648e+00
2.072145193815231323e-01,8.654494881629943848e-01
-4.666598439216613770e-01,-7.383249402046203613e-01
-2.698813378810882568e-01,-5.254386067390441895e-01
-2.293232679367065430e-01,-3.343584835529327393e-01
3.858226537704467773e-01,7.913958430290222168e-01
-4.990758001804351807e-02,-3.184416145086288452e-02
-1.621981978416442871e+00,-1.105458974838256836e+00
7.364885807037353516e-01,1.643401622772216797e+00
-1.369256734848022461e+00,-6.895121932029724121e-01
9.104306697845458984e-01,1.410711407661437988e+00
-5.273408442735671997e-02,5.447714328765869141e-01
-1.032274603843688965e+00,-5.000457763671875000e-01
5.155726075172424316e-01,5.920898914337158203e-01
-1.361832469701766968e-01,2.581611275672912598e-01
4.370137751102447510e-01,-9.230878949165344238e-01
-2.038631960749626160e-02,9.926450252532958984e-01
-1.871948987245559692e-01,1.226611137390136719e+00
1.025823831558227539e+00,1.600550651550292969e+00
8.175598382949829102e-01,4.736713171005249023e-01
1.355806946754455566e+00,4.235060214996337891e-01
1.446883201599121094e+00,1.649272680282592773e+00
4.076271057128906250e-01,8.267942070960998535e-01
-1.379329860210418701e-01,-5.583098530769348145e-01
1.410721898078918457e+00,1.530743479728698730e+00
-3.105291724205017090e-01,-6.578953266143798828e-01
3.059178292751312256e-01,7.673214673995971680e-01
-1.273896694183349609e-01,3.675984740257263184e-01
1.323189973831176758e+00,4.484946280717849731e-02
3.064764976501464844e+00,1.701805949211120605e+00
-5.119736194610595703e-01,-6.533175706863403320e-01
-2.566910088062286377e-01,-3.376330733299255371e-01
-1.804651319980621338e-01,-4.108570516109466553e-01
3.485196113586425781e+00,3.280404329299926758e+00
-5.156077146530151367e-01,-9.309757947921752930e-01
-1.668327689170837402e+00,-9.672966003417968750e-01
1.724015116691589355e+00,1.304294824600219727e+00
-1.031826019287109375e+00,-2.750493586063385010e-03
-3.033058941364288330e-01,-1.339872956275939941e+00
-1.616418719291687012e+00,-4.643130898475646973e-01
1.214090641587972641e-02,-9.584929347038269043e-01
9.906944036483764648e-01,7.266514897346496582e-01
-4.782350659370422363e-01,-2.811970710754394531e-01
1.732516139745712280e-01,9.789861440658569336e-01
1.266570210456848145e+00,-1.583403646945953369e-01
9.581223130226135254e-01,-3.656469285488128662e-03
-9.010441303253173828e-01,2.256441861391067505e-02
-1.679768323898315430e+00,-3.367546796798706055e-01
-1.340677618980407715e+00,-1.280502080917358398e+00
-1.114512443542480469e+00,-8.138297200202941895e-01
-4.033551514148712158e-01,4.229661822319030762e-01
-2.267725944519042969e+00,-1.597937345504760742e+00
5.389922261238098145e-01,8.469423055648803711e-01
5.109515190124511719e-01,9.564206600189208984e-01
3.090583980083465576e-01,-6.533176898956298828e-01
-4.875221252441406250e-01,-6.965396404266357422e-01
5.684686303138732910e-01,-1.910685896873474121e-01
2.644602775573730469e+00,5.134231448173522949e-01
2.077977657318115234e-01,-1.768157184123992920e-01
1.098909139633178711e+00,1.102043271064758301e+00
-5.087882280349731445e-01,-4.080742597579956055e-01
-2.844050060957670212e-03,5.046592950820922852e-01
-1.963473856449127197e-01,-4.087231755256652832e-01
-1.354451179504394531e+00,-4.726992249488830566e-01
-7.939959168434143066e-01,-4.087231457233428955e-01
-4.659419953823089600e-01,3.117459118366241455e-01
6.306068301200866699e-01,1.246085539460182190e-01
7.922559380531311035e-01,-3.138154000043869019e-02
-9.258545637130737305e-01,-3.343583941459655762e-01
1.092583179473876953e+00,1.418620467185974121e+00
6.814839243888854980e-01,3.760559260845184326e-01
-7.161548733711242676e-01,-7.632420063018798828e-01
-1.927581727504730225e-01,1.501539945602416992e-01
-1.987408518791198730e+00,-6.552283763885498047e-01
-4.051497578620910645e-01,-9.867059439420700073e-02
-7.328895926475524902e-01,-8.768601417541503906e-01
7.948580980300903320e-01,8.654493093490600586e-01
6.062450408935546875e-01,1.378587961196899414e+00
6.881239414215087891e-01,5.926095694303512573e-02
8.991695642471313477e-01,6.871022582054138184e-01
3.899950981140136719e-01,7.565490603446960449e-01
-1.652109920978546143e-01,9.082677364349365234e-01
-1.033306598663330078e+00,-5.267105698585510254e-01
2.107140123844146729e-01,-1.743533462285995483e-02
-9.999268651008605957e-01,-7.209423780441284180e-01
6.469826102256774902e-01,1.082981109619140625e+00
1.485757827758789062e-01,-4.523047506809234619e-01
1.406728863716125488e+00,9.969606399536132812e-01
-5.373672842979431152e-01,7.686213403940200806e-02
5.561522394418716431e-02,-6.141008734703063965e-01
-1.616666316986083984e-01,-2.040901482105255127e-01
-1.668866038322448730e+00,-5.700013041496276855e-01
-3.248411417007446289e-01,5.510544031858444214e-02
5.333840847015380859e-01,6.077047586441040039e-01
-1.359565854072570801e+00,-8.182530999183654785e-01
-4.626668393611907959e-01,-5.736747384071350098e-01
-1.098181486129760742e+00,-4.827161431312561035e-01
-1.312480717897415161e-01,1.187192201614379883e+00
-8.687645196914672852e-02,-6.863704919815063477e-01
1.770651489496231079e-01,6.131118535995483398e-01
1.037555187940597534e-01,3.813058733940124512e-01
1.001776099205017090e+00,7.913958430290222168e-01
1.606445163488388062e-01,4.489268660545349121e-01
2.759927809238433838e-01,2.893553674221038818e-01
-1.586897492408752441e+00,-1.597937822341918945e+00
-1.330426782369613647e-01,2.881585955619812012e-01
-1.284664422273635864e-01,-3.718641996383666992e-01
-2.451391145586967468e-02,3.956788033246994019e-02
7.160300612449645996e-01,4.430315494537353516e-01
-8.005695044994354248e-02,8.471816778182983398e-01
2.045787811279296875e+00,7.381664514541625977e-01
6.267035603523254395e-01,4.161975383758544922e-01
-1.098899364471435547e+00,-2.404898107051849365e-01
9.007164835929870605e-02,6.425396800041198730e-01
2.145926952362060547e+00,8.222554922103881836e-01
5.646766349673271179e-02,5.050789713859558105e-01
-5.330602526664733887e-01,-1.324138492345809937e-01
1.905045986175537109e+00,2.067144393920898438e+00
-1.034607648849487305e+00,-9.768155813217163086e-01
-5.606074333190917969e-01,4.065859317779541016e-01
1.773343384265899658e-01,4.087482690811157227e-01
-9.582023024559020996e-01,-7.571713328361511230e-01
1.460701584815979004e+00,4.565646052360534668e-01
9.102063775062561035e-01,4.448540806770324707e-01
-5.790021419525146484e-01,-1.637465655803680420e-01
-7.767227888107299805e-01,-3.639768064022064209e-01
-8.037100732326507568e-02,1.554753780364990234e-01
-5.421230196952819824e-01,-1.335667371749877930e-01
-7.230192422866821289e-01,-1.349670052528381348e+00
1.283843278884887695e+00,1.126256346702575684e+00
-4.071686863899230957e-01,5.991699695587158203e-01
-9.549271464347839355e-01,-1.507896542549133301e+00
3.446364402770996094e-01,3.971098065376281738e-01
-7.713838815689086914e-01,-3.336592316627502441e-01
-1.522449553012847900e-01,-4.936332702636718750e-01
-3.043826520442962646e-01,7.231267094612121582e-01
1.104606986045837402e+00,1.275819778442382812e+00
1.608239710330963135e-01,4.945234060287475586e-01
-1.161306738853454590e+00,-3.367548584938049316e-01
-7.837666273117065430e-01,-4.097900986671447754e-01
-1.320129394531250000e+00,-1.242942929267883301e+00
4.534344077110290527e-01,1.268099546432495117e+00
2.044777572154998779e-01,2.272574305534362793e-01
-1.332287788391113281e+00,-7.599849700927734375e-01
-5.231450796127319336e-01,-1.768158376216888428e-01
-9.044987559318542480e-01,-9.239987134933471680e-01
-5.645555853843688965e-01,4.118393063545227051e-01
4.642468988895416260e-01,2.816642522811889648e-01
-1.712474942207336426e+00,-6.025475859642028809e-01
-7.920451462268829346e-02,5.796421766281127930e-01
4.388980865478515625e-01,1.188627481460571289e+00
1.644155144691467285e+00,1.805191397666931152e+00
-6.823265552520751953e-01,-1.120185613632202148e+00
2.856387794017791748e-01,-4.677339196205139160e-01
-7.627697587013244629e-01,3.160189986228942871e-01
2.184645414352416992e+00,1.460853099822998047e+00
-5.107407271862030029e-02,5.740771293640136719e-01
-7.993797063827514648e-01,-3.140476644039154053e-01
5.310277640819549561e-02,9.147020578384399414e-01
1.487710475921630859e+00,1.204922914505004883e+00
-7.397090792655944824e-01,-1.840010285377502441e-01
-6.915239095687866211e-01,-5.076951384544372559e-01
-9.989846944808959961e-01,-5.623520016670227051e-01
1.941566109657287598e+00,1.048635482788085938e+00
-2.264405965805053711e+00,-1.227572679519653320e+00
1.062164545059204102e+00,1.739545941352844238e+00
-1.076466798782348633e+00,-6.688528507947921753e-02
1.419694900512695312e+00,1.216245889663696289e+00
-1.069153785705566406e+00,-4.080743193626403809e-01
1.867560297250747681e-01,1.062767505645751953e+00
-1.088266372680664062e+00,-3.789817690849304199e-01
-6.610605120658874512e-01,-9.214257001876831055e-01
-1.041920661926269531e+00,3.594726920127868652e-01
-1.635621070861816406e+00,-1.227573037147521973e+00
-1.689683556556701660e+00,-3.712951838970184326e-01
-8.094743490219116211e-01,-1.055932760238647461e+00
-1.530076712369918823e-01,-5.928261876106262207e-01
2.421196103096008301e-01,-6.541008353233337402e-01
-1.015315651893615723e+00,-7.256248593330383301e-01
-1.937900781631469727e-01,3.297022283077239990e-01
1.022301018238067627e-01,-9.743638038635253906e-01
-1.989047080278396606e-01,-6.436517834663391113e-01
-2.241031169891357422e+00,-9.102845788002014160e-01
-1.063904523849487305e+00,5.991699695587158203e-01
-7.684676051139831543e-01,-1.043138056993484497e-01
-6.771904230117797852e-02,2.313680946826934814e-01
-7.940407395362854004e-01,-1.807135939598083496e-01
-1.017783164978027344e+00,2.149640619754791260e-01
1.515616536140441895e+00,3.191406130790710449e-01
-7.241857647895812988e-01,1.020889401435852051e+00
-1.637639999389648438e+00,-1.345894575119018555e+00
-2.329146385192871094e+00,-6.901438832283020020e-01
1.972074508666992188e+00,1.347984433174133301e+00
-2.523175440728664398e-02,-1.523937731981277466e-01
3.826820850372314453e-01,-8.877642154693603516e-01
-6.879795789718627930e-01,-1.349669814109802246e+00
-3.217903077602386475e-01,-9.847906827926635742e-01
1.691398143768310547e+00,3.971100449562072754e-01
1.410384476184844971e-01,7.565493583679199219e-01
-5.657669305801391602e-01,5.050789117813110352e-01
-4.230957925319671631e-01,-7.180562019348144531e-01
1.312915802001953125e+00,9.314866065979003906e-01
8.459146022796630859e-01,1.141450881958007812e+00
4.720534384250640869e-01,5.391507744789123535e-01
5.616939663887023926e-01,7.279874086380004883e-01
1.746627092361450195e+00,-1.869198977947235107e-01
-1.753347158432006836e+00,8.822592496871948242e-01
-3.099459111690521240e-01,-1.254442095756530762e+00
3.128719329833984375e-01,-1.406258642673492432e-01
-1.626109600067138672e+00,-6.585079431533813477e-01
-2.869749665260314941e-01,-7.275559306144714355e-01
5.976758003234863281e-01,9.248223304748535156e-01
1.086571216583251953e+00,8.469414710998535156e-01
-4.559370875358581543e-01,-1.768160164356231689e-01
2.983356118202209473e-01,2.027590870857238770e-01
-3.570991754531860352e-01,6.997329741716384888e-02
8.207452893257141113e-01,9.475687742233276367e-01
3.593522012233734131e-01,3.902192711830139160e-01
-1.430924683809280396e-01,-1.055932998657226562e+00
-9.188555479049682617e-01,-1.766089081764221191e+00
-3.941129148006439209e-01,5.119596719741821289e-01
-3.030815422534942627e-01,-4.773446023464202881e-01
4.394813477993011475e-01,-7.771275639533996582e-01
-1.776386350393295288e-01,-1.534820199012756348e-01
-7.433879971504211426e-01,1.204754337668418884e-01
1.536006927490234375e-01,9.642446041107177734e-01
-3.625278472900390625e-01,-2.605392634868621826e-01
2.112681865692138672e+00,-1.597936630249023438e+00
2.023690938949584961e-01,8.187296390533447266e-01
-7.198786735534667969e-01,-4.670622944831848145e-01
-4.147957563400268555e-01,-2.439654469490051270e-01
-7.844845056533813477e-01,-6.863703131675720215e-01
-8.055710792541503906e-01,-2.119562178850173950e-01
2.814663350582122803e-01,-8.392701148986816406e-01
1.449440479278564453e+00,1.208236932754516602e+00
-7.098289132118225098e-01,-9.022347927093505859e-01
2.900804281234741211e-01,4.087482690811157227e-01
-7.198337912559509277e-01,-6.817316412925720215e-01
-3.065810203552246094e-01,-3.669974505901336670e-01
3.384899199008941650e-01,6.632732152938842773e-01
-5.233693718910217285e-01,1.072921633720397949e+00
5.668983459472656250e-01,-2.855905592441558838e-01
1.897171288728713989e-01,1.583359241485595703e-01
5.587328672409057617e-01,7.458363175392150879e-01
8.809094429016113281e-01,1.388711690902709961e+00
-1.689818143844604492e+00,-4.080740809440612793e-01
-1.001811265945434570e+00,-2.870298624038696289e-01
-7.622762322425842285e-01,2.310985326766967773e-01
-1.062693238258361816e+00,-6.945070028305053711e-01
-8.128392696380615234e-01,-4.087233543395996094e-01
4.027816653251647949e-01,-6.436522603034973145e-01
-1.603655517101287842e-01,-4.143477082252502441e-01
-9.677585959434509277e-01,-9.367225170135498047e-01
-3.011523485183715820e-01,-6.460485458374023438e-01
9.550033509731292725e-02,-2.249044477939605713e-01
5.103234052658081055e-01,4.454320073127746582e-01
2.510926425457000732e-01,-1.647514104843139648e-01
-1.344715476036071777e+00,-3.632452785968780518e-01
1.087244153022766113e+00,1.150764465332031250e+00
1.122149229049682617e+00,4.231708049774169922e-01
5.423570871353149414e-01,5.796422958374023438e-01
-9.813078641891479492e-01,-1.383753538131713867e+00
7.567676305770874023e-01,8.966090679168701172e-01
2.347168624401092529e-01,8.120445162057876587e-02
1.102588057518005371e+00,1.939161539077758789e+00
-1.152872085571289062e+00,-7.004128098487854004e-01
5.299294590950012207e-01,8.183248639106750488e-01
-1.273896694183349609e-01,1.105014756321907043e-01
-3.280265629291534424e-01,-4.948851466178894043e-01
-8.129738569259643555e-01,-3.376864492893218994e-01
-7.320820093154907227e-01,-4.894816279411315918e-01
2.590540409088134766e+00,1.048635363578796387e+00
4.370586276054382324e-01,-4.643132686614990234e-01
-2.327620983123779297e+00,-4.201297461986541748e-01
-1.056950449943542480e+00,-1.869197785854339600e-01
6.477004289627075195e-01,6.762871742248535156e-01
-7.305117249488830566e-01,-1.603312194347381592e-01
-6.368117779493331909e-02,-4.435771703720092773e-01
-7.178597450256347656e-01,-4.470719397068023682e-02
-3.256487250328063965e-01,-8.867549896240234375e-01
-1.967398762702941895e+00,-8.768602013587951660e-01
-1.144572138786315918e+00,1.324457406997680664e+00
-5.910493433475494385e-02,-3.278116285800933838e-01
6.337922811508178711e-01,8.634264469146728516e-01
5.812103152275085449e-01,-1.307599991559982300e-02
-3.581992536783218384e-02,-3.503027260303497314e-01
-1.971840381622314453e+00,-1.258245348930358887e+00
7.071916460990905762e-01,7.686213403940200806e-02
-3.118302524089813232e-01,-9.958389997482299805e-01
3.196465671062469482e-01,-2.811975777149200439e-01
-1.799716204404830933e-01,-2.978000938892364502e-01
1.321305632591247559e+00,7.633335590362548828e-01
-1.367192864418029785e+00,-8.741042613983154297e-01
-2.668753862380981445e-01,7.060846686363220215e-01
-9.250020980834960938e-01,-1.076183676719665527e+00
3.408835649490356445e+00,1.048635482788085938e+00
1.138569951057434082e+00,1.388985872268676758e+00
2.457536756992340088e-01,-8.392707109451293945e-01
-1.646209239959716797e+00,-1.137429237365722656e+00
9.194934368133544922e-01,1.090737208724021912e-01
-8.080387115478515625e-01,-5.191746354103088379e-01
-8.061543703079223633e-01,-4.143480062484741211e-01
-9.516519904136657715e-01,-1.442073941230773926e+00
1.805646270513534546e-01,1.161932587623596191e+00
-1.366609692573547363e+00,-1.280501842498779297e+00
-1.598427772521972656e+00,-5.801334977149963379e-01
-1.649888157844543457e+00,-9.490739107131958008e-01
5.428954958915710449e-01,1.397805929183959961e+00
-7.459453344345092773e-01,-4.190688729286193848e-01
9.887652397155761719e-01,1.153935313224792480e+00
-9.245534539222717285e-01,-9.102843999862670898e-01
-7.772611975669860840e-01,-9.357935786247253418e-01
-1.135419607162475586e+00,-7.989236712455749512e-02
4.128763079643249512e-01,1.157756090164184570e+00
9.805100560188293457e-01,4.679436683654785156e-01
4.928924143314361572e-02,5.133240222930908203e-01
-3.655338287353515625e-01,3.381817638874053955e-01
-4.832150936126708984e-01,-3.175895810127258301e-01
1.320049405097961426e+00,-6.895120739936828613e-01
4.698101878166198730e-01,9.471070766448974609e-01
4.141774177551269531e-01,-2.988221645355224609e-01
-5.196006894111633301e-01,2.244234681129455566e-01
6.224413514137268066e-01,1.034507155418395996e+00
-4.638782143592834473e-01,3.126347959041595459e-01
-1.590710997581481934e+00,-6.150329709053039551e-01
-1.043849825859069824e+00,1.081301346421241760e-01
-1.043221712112426758e+00,-9.367221593856811523e-01
1.510882377624511719e-01,5.642476081848144531e-01
9.179680347442626953e-01,3.594726026058197021e-01
-5.178061127662658691e-01,-4.284917414188385010e-01
-3.088476136326789856e-02,-3.336589932441711426e-01
1.744629740715026855e-01,8.290149569511413574e-01
-4.745112359523773193e-01,2.767315506935119629e-01
2.239940911531448364e-01,8.653292655944824219e-01
1.249297142028808594e+00,2.313681244850158691e-01
1.047718048095703125e+00,3.510799705982208252e-01
1.770418323576450348e-02,-7.453935146331787109e-01
-4.566100537776947021e-01,-3.535344004631042480e-01
1.127757430076599121e+00,4.886274337768554688e-01
4.864551424980163574e-01,9.211306571960449219e-01
1.421175479888916016e+00,1.233360052108764648e+00
3.060972988605499268e-01,2.190882712602615356e-02
-1.660162210464477539e+00,-4.523044526576995850e-01
2.036253213882446289e-01,-6.806510090827941895e-01
2.558034658432006836e-01,-3.357612192630767822e-01
9.118215441703796387e-01,1.372850418090820312e+00
-5.187931656837463379e-01,-3.916005194187164307e-01
-1.988575100898742676e+00,-1.079851269721984863e+00
1.765201330184936523e+00,8.755187392234802246e-01
3.879079967737197876e-02,4.611610770225524902e-01
1.978310704231262207e+00,1.496099114418029785e+00
4.096908867359161377e-01,-3.639766573905944824e-01
-1.710142016410827637e+00,-9.743635058403015137e-01
1.309886574745178223e-01,8.875360488891601562e-01
-1.477135866880416870e-01,6.375026702880859375e-01
-4.462462067604064941e-01,5.621111392974853516e-01
7.658752202987670898e-01,1.062767744064331055e+00
-1.088086843490600586e+00,-1.113132476806640625e+00
5.454976558685302734e-01,6.115456223487854004e-01
-1.613525897264480591e-01,8.410865068435668945e-01
4.305298626422882080e-02,4.437863230705261230e-01
4.915249049663543701e-01,6.515658497810363770e-01
-1.052688241004943848e+00,3.173609375953674316e-01
2.496727466583251953e+00,2.786537885665893555e+00
6.028352975845336914e-01,2.855572998523712158e-01
2.236351668834686279e-01,1.096062898635864258e+00
-9.424097537994384766e-01,-9.206655025482177734e-01
-8.535319566726684570e-01,2.034678757190704346e-01
2.232313752174377441e-01,1.168632030487060547e+00
3.980259597301483154e-01,6.271173954010009766e-01
-9.898771047592163086e-01,-9.670547842979431152e-01
3.293374180793762207e-01,-2.662828862667083740e-01
-1.767287030816078186e-03,-9.022347331047058105e-01
-8.306506872177124023e-01,2.190891653299331665e-02
4.283099174499511719e-01,1.105906888842582703e-01
-7.970467209815979004e-01,-4.174621105194091797e-01
-5.205428600311279297e-01,-6.163562536239624023e-01
1.957739144563674927e-01,-4.832015633583068848e-01
1.193036198616027832e+00,1.373340368270874023e+00
6.657810807228088379e-01,2.198904752731323242e-01
1.647385478019714355e+00,1.372850418090820312e+00
-1.722883701324462891e+00,-5.069970488548278809e-01
-9.921436756849288940e-02,5.266062021255493164e-01
-1.846375912427902222e-01,4.916520118713378906e-01
2.435104250907897949e-01,-2.963731288909912109e-01
-1.349426269531250000e+00,-4.595559835433959961e-01
-3.166756927967071533e-01,-2.214795053005218506e-01
-4.454386234283447266e-01,3.231052160263061523e-01
-1.605561375617980957e+00,-8.388055562973022461e-01
5.651934742927551270e-01,7.728974223136901855e-01
2.778771221637725830e-01,3.231051564216613770e-01
5.253980755805969238e-01,1.699892282485961914e+00
1.660800099372863770e+00,1.721900701522827148e+00
-5.061411857604980469e-01,-3.190602362155914307e-01
4.246309697628021240e-01,1.298415899276733398e+00
-2.990885674953460693e-01,-6.210508346557617188e-01
-1.120009273290634155e-01,5.939080119132995605e-01
9.381573796272277832e-01,9.958737343549728394e-02
-1.007284760475158691e+00,-3.005056679248809814e-01
-9.755435585975646973e-02,9.285285472869873047e-01
3.909821212291717529e-01,5.510551482439041138e-02
2.046250039711594582e-03,-1.416293263435363770e+00
5.154380202293395996e-01,4.859434366226196289e-01
-2.263015031814575195e+00,-1.227572798728942871e+00
4.400197267532348633e-01,1.193109750747680664e+00
-2.541121467947959900e-02,-3.561924099922180176e-01
-6.390765905380249023e-01,1.625192910432815552e-02
-4.291525781154632568e-01,3.594727218151092529e-01
2.212775945663452148e+00,1.539709091186523438e+00
-9.194836616516113281e-01,-4.643131494522094727e-01
-7.103905826807022095e-02,1.954143643379211426e-01
1.065394878387451172e+00,1.134003520011901855e+00
-1.454859375953674316e+00,-4.425038993358612061e-01
1.133096337318420410e+00,7.458360791206359863e-01
-8.387049287557601929e-02,1.126741528511047363e+00
7.366679906845092773e-01,7.666774988174438477e-01
1.584461182355880737e-01,5.483425259590148926e-01
-3.431461155414581299e-01,1.605155467987060547e-01
-1.037748217582702637e+00,-4.607295691967010498e-01
1.041033148765563965e+00,6.172199249267578125e-01
3.992373049259185791e-01,-3.344141244888305664e-01
-1.658816337585449219e+00,-8.353303670883178711e-01
1.739403843879699707e+00,5.920898318290710449e-01
1.833216905593872070e+00,1.283454656600952148e+00
4.455381333827972412e-01,1.444756388664245605e+00
-1.994430869817733765e-01,8.624486923217773438e-01
3.525775671005249023e-01,3.669998049736022949e-01
-6.647394299507141113e-01,-1.121749401092529297e+00
-4.831253588199615479e-01,7.686195522546768188e-02
-1.154532194137573242e+00,-3.367549180984497070e-01
4.027367830276489258e-01,-2.439720630645751953e-01
-6.507200002670288086e-02,1.373437643051147461e-01
6.865985393524169922e-01,-4.499776959419250488e-01
-1.666084408760070801e+00,-3.321803808212280273e-01
4.584592878818511963e-01,1.387746214866638184e+00
-1.463652968406677246e+00,-8.017198443412780762e-01
-3.003232367336750031e-02,-8.992172032594680786e-02
6.566286087036132812e-01,4.161980152130126953e-01
-9.622850418090820312e-01,-1.057341217994689941e+00
2.753198146820068359e-01,1.388711452484130859e+00
-2.397553063929080963e-02,3.546971678733825684e-01
-6.907163262367248535e-01,1.180322051048278809e+00
-7.311398386955261230e-01,-8.163686990737915039e-01
2.415431737899780273e+00,1.833864808082580566e+00
-1.530525386333465576e-01,7.928273677825927734e-01
-3.876971900463104248e-01,-2.918543219566345215e-01
1.346227377653121948e-01,1.115744233131408691e+00
-1.635082602500915527e+00,-1.622802138328552246e+00
4.506078958511352539e-01,1.854851722717285156e+00
-7.235127687454223633e-01,-1.048186719417572021e-01
-2.264519035816192627e-01,-6.460485458374023438e-01
2.878574609756469727e+00,1.721900820732116699e+00
1.257731676101684570e+00,1.017511248588562012e+00
2.657209873199462891e+00,1.013706326484680176e+00
-1.939695328474044800e-01,6.563357114791870117e-01
-4.204936325550079346e-01,6.095001101493835449e-01
2.001147031784057617e+00,2.313678562641143799e-01
-9.833267927169799805e-01,-1.144664049148559570e+00
5.952082276344299316e-01,5.263813734054565430e-01
1.063734889030456543e+00,1.555495023727416992e+00
-3.666105866432189941e-01,-4.080742597579956055e-01
-9.306999444961547852e-01,-6.743604540824890137e-01
1.270405203104019165e-01,3.818826973438262939e-01
-4.555781483650207520e-01,6.567879766225814819e-02
1.989751338958740234e+00,4.691489338874816895e-01
-2.750408351421356201e-01,-5.261070728302001953e-01
3.803939521312713623e-01,-2.214792668819427490e-01
-8.045392036437988281e-01,-3.102084398269653320e-01
2.247119247913360596e-01,1.090737506747245789e-01
1.199092984199523926e+00,1.916083574295043945e+00
1.308092027902603149e-01,1.204924106597900391e+00
1.425706863403320312e+00,5.133237838745117188e-01
-7.232884168624877930e-01,-6.462975740432739258e-01
-1.039408206939697266e+00,2.457161545753479004e-01
1.891554147005081177e-02,4.976794719696044922e-01
7.317777276039123535e-01,8.314660787582397461e-01
-1.113525390625000000e+00,-8.880499005317687988e-01
-1.102488636970520020e+00,-6.965394616127014160e-01
6.399836540222167969e-01,-2.208094596862792969e-01
1.347731232643127441e+00,1.676849842071533203e+00
-4.690825641155242920e-01,-8.392704725265502930e-01
-3.377622961997985840e-01,5.510535091161727905e-02
3.014740228652954102e+00,1.886672496795654297e+00
-2.590688467025756836e-01,-2.978001832962036133e-01
1.544913530349731445e+00,8.314661979675292969e-01
1.076700925827026367e+00,1.135567784309387207e+00
5.616491436958312988e-01,1.181716084480285645e+00
-1.015629649162292480e+00,-2.199294865131378174e-01
1.644334673881530762e+00,1.043306112289428711e+00
-3.496515750885009766e-01,-6.806504726409912109e-01
-3.738787472248077393e-01,-5.267105698585510254e-01
-1.091361999511718750e+00,-8.345420360565185547e-01
-7.978543043136596680e-01,-5.254389047622680664e-01
-1.722749114036560059e+00,-6.965394020080566406e-01
-6.100039482116699219e-01,3.626811206340789795e-01
-1.309340149164199829e-01,-5.641572177410125732e-03
1.059217029251158237e-03,8.007225990295410156e-01
2.693371295928955078e+00,1.630336284637451172e+00
-6.055623292922973633e-01,-5.639443397521972656e-01
4.407824277877807617e-01,9.120103120803833008e-01
3.072481632232666016e+00,1.954340696334838867e+00
5.286283493041992188e-01,3.675989508628845215e-01
-1.085708975791931152e+00,-3.697691559791564941e-01
-5.395208597183227539e-01,1.563975811004638672e-01
1.116944909095764160e+00,6.246076822280883789e-01
-4.925918877124786377e-01,-5.700009465217590332e-01
1.461082100868225098e-01,1.313362419605255127e-01
-2.247222661972045898e+00,-9.066225290298461914e-01
6.065590977668762207e-01,7.421328425407409668e-01
-1.060674309730529785e+00,-9.951422214508056641e-01
1.276036739349365234e+00,1.679631710052490234e+00
1.149517059326171875e+00,4.640955924987792969e-01
4.174525737762451172e-01,-4.108567833900451660e-01
-1.105180501937866211e+00,-6.342455148696899414e-01
4.812274500727653503e-02,-9.214259386062622070e-01
-1.163528487086296082e-01,-2.236709594726562500e-01
8.634784072637557983e-02,-8.738242089748382568e-03
-7.945791482925415039e-01,5.578643679618835449e-01
4.207277297973632812e-01,-4.767625629901885986e-01
-1.043580651283264160e+00,-7.477456927299499512e-01
-1.122139453887939453e+00,-8.138296008110046387e-01
-1.592887938022613525e-01,5.741346478462219238e-01
-5.127812027931213379e-01,9.085018634796142578e-01
2.378059148788452148e+00,9.118219614028930664e-01
3.111221790313720703e-01,1.155456230044364929e-01
-1.050759077072143555e+00,3.173609375953674316e-01
8.314680457115173340e-01,1.894614696502685547e+00
3.765355646610260010e-01,-3.656327724456787109e-03
8.604958057403564453e-01,1.820291399955749512e+00
1.195929124951362610e-01,1.375488638877868652e-01
-3.385698795318603516e-01,4.042913317680358887e-01
1.035604476928710938e+00,1.400871872901916504e+00
1.972311362624168396e-02,-1.349670052528381348e+00
1.339161992073059082e+00,1.700148344039916992e+00
-4.233649969100952148e-01,4.719848632812500000e-01
-2.768354415893554688e-01,-5.574926137924194336e-01
-5.028660297393798828e-01,-6.806508302688598633e-01
-1.369166970252990723e+00,-3.336590528488159180e-01
5.878055095672607422e-01,1.013231515884399414e+00
-6.344554424285888672e-01,7.709608078002929688e-01
1.010187417268753052e-01,6.773777604103088379e-01
-2.753100395202636719e-01,-2.090007364749908447e-01
-3.778268694877624512e-01,8.076767921447753906e-01
8.699174523353576660e-01,1.313361823558807373e-01
-4.737036824226379395e-01,-9.951425194740295410e-01
4.305083155632019043e-01,6.418294906616210938e-01
-1.365654915571212769e-02,-1.080060243606567383e+00
8.605406880378723145e-01,7.870976924896240234e-01
-3.636046350002288818e-01,8.373365551233291626e-02
-7.895093560218811035e-01,-4.086537659168243408e-02
2.610236167907714844e+00,1.154170513153076172e+00
-1.177772283554077148e+00,-1.841849088668823242e-01
6.591859459877014160e-01,3.286919295787811279e-01
4.088384509086608887e-01,2.217702865600585938e-01
-1.449026942253112793e+00,-1.619851708412170410e+00
1.728277325630187988e+00,1.321807622909545898e+00
-8.055262565612792969e-01,-2.978002130985260010e-01
-8.402518630027770996e-01,-3.278116881847381592e-01
-7.662243843078613281e-01,5.454459041357040405e-02
-1.596543431282043457e+00,-1.302186608314514160e+00
4.730404615402221680e-01,9.217528104782104492e-01
5.699940323829650879e-01,1.178132534027099609e+00
1.087244153022766113e+00,1.566071510314941406e+00
8.222706913948059082e-01,1.417168498039245605e+00
2.740187048912048340e-01,-2.811976373195648193e-01
-3.423834145069122314e-01,-6.806506514549255371e-01
5.521377325057983398e-01,-3.336591720581054688e-01
1.958121418952941895e+00,2.151511669158935547e+00
1.702905148267745972e-01,-2.888166010379791260e-01
-8.900843560695648193e-03,4.446375370025634766e-01
8.733272552490234375e-01,1.477620005607604980e+00
1.026272535324096680e+00,-3.343585133552551270e-01
1.005679368972778320e+00,1.365090906620025635e-01
5.952531099319458008e-01,1.242581009864807129e+00
7.747136354446411133e-01,5.642476081848144531e-01
-2.501406967639923096e-01,-9.239090681076049805e-01
-6.193358898162841797e-01,-2.550958693027496338e-01
-8.687645196914672852e-02,1.887813210487365723e-01
1.400941252708435059e+00,4.065857529640197754e-01
1.398719549179077148e-01,2.624253630638122559e-01
-1.783564686775207520e-01,-2.119561582803726196e-01
4.458521902561187744e-01,1.147635355591773987e-01
2.276730239391326904e-01,-1.186342462897300720e-01
9.289815276861190796e-02,1.563974618911743164e-01
5.529452562332153320e-01,-8.190990686416625977e-01
-7.692751884460449219e-01,-3.692341744899749756e-01
-9.779429435729980469e-01,-9.001095890998840332e-01
-2.636002302169799805e-01,-9.574545025825500488e-01
2.048569440841674805e+00,8.327594399452209473e-01
1.329695463180541992e+00,6.925742626190185547e-01
-4.893167316913604736e-01,-2.082270681858062744e-01
-1.054506227374076843e-01,-3.142594397068023682e-01
-9.350967407226562500e-01,-8.388061523437500000e-01
-4.806129038333892822e-01,-3.101424574851989746e-01
-1.347924172878265381e-01,-6.211872696876525879e-01
7.361296415328979492e-01,3.813056349754333496e-01
-8.081284165382385254e-01,9.381775856018066406e-01
1.014786958694458008e+00,1.153935432434082031e+00
-9.508677572011947632e-02,4.886272549629211426e-01
2.281880751252174377e-02,4.065862894058227539e-01
1.886606335639953613e+00,9.842289686203002930e-01
3.605186939239501953e-01,-2.243933528661727905e-01
1.477615714073181152e+00,1.061708927154541016e+00
-9.719543904066085815e-02,2.313679456710815430e-01
-1.676493167877197266e+00,-6.781594753265380859e-01
-2.741435468196868896e-01,-3.073244094848632812e-01
-1.070948362350463867e+00,2.739483416080474854e-01
6.647492051124572754e-01,9.933351278305053711e-01
7.741968333721160889e-02,4.161974191665649414e-01
-1.556478857994079590e+00,-1.056810736656188965e+00
1.021427035331726074e+00,-3.023173213005065918e-01
1.897619813680648804e-01,-3.994589298963546753e-02
-9.744434952735900879e-01,-8.877639174461364746e-01
-3.479915559291839600e-01,-2.013266384601593018e-01
-5.427062511444091797e-01,5.050787925720214844e-01
6.138272881507873535e-01,7.560922950506210327e-02
1.129776358604431152e+00,7.728973627090454102e-01
-4.540975987911224365e-01,1.339272260665893555e-01
-2.325602054595947266e+00,-1.869197785854339600e-01
-2.728424370288848877e-01,-7.771276831626892090e-01
-1.704847931861877441e+00,-9.951421022415161133e-01
8.765126466751098633e-01,1.065266013145446777e+00
-9.490049481391906738e-01,-5.781402587890625000e-01
-1.053271532058715820e+00,-5.882478356361389160e-01
6.172819137573242188e-01,8.635435104370117188e-01
-1.648497343063354492e+00,-6.210499405860900879e-01
9.021306633949279785e-01,2.116512358188629150e-01
-3.575478196144104004e-01,1.428066730499267578e+00
2.841582298278808594e-01,1.339276432991027832e-01
2.013305425643920898e+00,9.225679636001586914e-01
-6.943504214286804199e-01,-4.726993143558502197e-01
1.232786655426025391e+00,1.303269028663635254e+00
2.651354074478149414e-01,8.440321683883666992e-01
4.602987766265869141e-01,-4.643134176731109619e-01
1.098236203193664551e+00,2.384872138500213623e-01
1.604135513305664062e+00,3.779355883598327637e-01
-9.450352936983108521e-02,9.027011394500732422e-01
-9.408394694328308105e-01,-1.227572679519653320e+00
-1.390208721160888672e+00,-1.143767118453979492e+00
-1.075210571289062500e+00,-4.738636612892150879e-01
1.682873725891113281e+00,1.397805452346801758e+00
-4.468743205070495605e-01,3.506152331829071045e-01
3.930584993213415146e-03,2.371221780776977539e-01
-9.414460510015487671e-02,3.390423655509948730e-01
-1.082658171653747559e+00,-2.249042093753814697e-01
7.138765454292297363e-01,2.871167659759521484e-01
1.019946455955505371e+00,9.754664897918701172e-01
2.094129174947738647e-01,-4.167785048484802246e-01
-1.866116523742675781e-01,-4.087231755256652832e-01
1.282407522201538086e+00,-2.119562476873397827e-01
-1.082972288131713867e+00,3.169498443603515625e-01
6.658259630203247070e-01,7.234869152307510376e-02
3.296089649200439453e+00,2.514566898345947266e+00
-5.414500236511230469e-01,2.506105303764343262e-01
-1.382850885391235352e+00,-8.051350712776184082e-01
-4.184746742248535156e-01,-2.039830982685089111e-01
8.215977549552917480e-01,8.653289079666137695e-01
-1.038286566734313965e+00,-3.315574228763580322e-01
4.406029880046844482e-01,-1.056810379028320312e+00
2.924134135246276855e-01,8.486012816429138184e-01
-3.029021024703979492e-01,2.300620079040527344e-01
1.779961943626403809e+00,1.373340368270874023e+00
-1.858040839433670044e-01,2.816638350486755371e-01
-2.254311323165893555e+00,-1.242126226425170898e+00
-4.486689269542694092e-01,-7.083694934844970703e-01
8.521957397460937500e-01,-3.492877185344696045e-01
-1.985009163618087769e-01,-4.174623787403106689e-01
-1.766088843345642090e+00,-3.789817690849304199e-01
1.301699519157409668e+00,9.953106641769409180e-01
-1.081177592277526855e+00,1.626170873641967773e-01
-1.370019435882568359e+00,-6.552284955978393555e-01
-7.618275880813598633e-01,-9.353988766670227051e-01
-7.083034515380859375e-01,-2.097105085849761963e-01
-1.383882761001586914e+00,-8.067752122879028320e-01
3.969043195247650146e-01,1.379199385643005371e+00
-1.070140838623046875e+00,1.078579664230346680e+00
-8.586787618696689606e-03,-8.190990686416625977e-01
7.685671448707580566e-01,1.048550486564636230e+00
-3.675976097583770752e-01,4.265531897544860840e-04
1.020036220550537109e+00,8.642281293869018555e-01
-2.657088935375213623e-01,7.565492987632751465e-01
-1.670750379562377930e+00,-5.000457167625427246e-01
8.760406821966171265e-02,2.713899314403533936e-01
-5.055130720138549805e-01,-1.272547602653503418e+00
5.410111546516418457e-01,-2.119559347629547119e-01
2.350332498550415039e+00,3.965285420417785645e-01
9.805549383163452148e-01,1.532623052597045898e+00
-1.338951140642166138e-01,3.052780777215957642e-02
-3.135800063610076904e-01,-2.988220751285552979e-01
2.690386772155761719e-01,2.116513550281524658e-01
7.652919888496398926e-01,3.760561645030975342e-01
-7.139564752578735352e-01,-1.380427002906799316e+00
-1.063007235527038574e+00,-1.040532112121582031e+00
-7.329792976379394531e-01,-7.093509435653686523e-01
-2.815911471843719482e-01,-5.716236233711242676e-01
6.050336956977844238e-01,1.038223385810852051e+00
5.358965396881103516e-01,-4.435772597789764404e-01
1.778727322816848755e-01,-2.628514468669891357e-01
1.235613226890563965e+00,5.712642073631286621e-01
-1.453199386596679688e+00,-6.817312836647033691e-01
8.100673556327819824e-01,1.412701845169067383e+00
8.706568926572799683e-02,7.712240219116210938e-01
1.004333376884460449e+00,8.299798965454101562e-01
-1.148834228515625000e+00,-2.479268610477447510e-01
6.715686917304992676e-01,1.531213045120239258e+00
3.608776330947875977e-01,1.461333036422729492e+00
-5.495706200599670410e-01,-6.565613746643066406e-01
-1.401335239410400391e+00,-6.452547311782836914e-01
-4.112962782382965088e-01,2.855573296546936035e-01
1.848716884851455688e-01,1.058290839195251465e+00
-1.419460773468017578e+00,-1.322005748748779297e+00
-1.418698072433471680e+00,-3.278116881847381592e-01
1.324760198593139648e+00,1.201882481575012207e+00
-1.444136619567871094e+00,-3.102086186408996582e-01
7.708552479743957520e-01,-9.066222906112670898e-01
1.648618280887603760e-01,8.222553730010986328e-01
-7.655513882637023926e-01,-3.923491388559341431e-02
-1.590845584869384766e+00,-9.102843999862670898e-01
-3.958859667181968689e-02,1.039303779602050781e+00
-3.549007773399353027e-01,-2.359399497509002686e-01
9.030728340148925781e-01,5.555399656295776367e-01
3.937188982963562012e-01,6.658587455749511719e-01
1.326106190681457520e+00,1.283454418182373047e+00
1.766995906829833984e+00,2.184235334396362305e+00
1.598482489585876465e+00,1.377476096153259277e+00
-5.291121006011962891e-01,6.181957125663757324e-01
-1.810932457447052002e-01,-3.793632984161376953e-01
1.549085974693298340e+00,4.722015261650085449e-01
-1.783116012811660767e-01,-1.802821159362792969e-01
8.517919778823852539e-01,-6.210506558418273926e-01
1.308519124984741211e+00,1.529459118843078613e+00
-1.051701188087463379e+00,-3.241377472877502441e-01
9.325940608978271484e-01,-2.811973392963409424e-01
-4.818116780370473862e-03,1.218508556485176086e-01
4.541073739528656006e-01,-1.803523451089859009e-01
7.482880949974060059e-01,7.502732276916503906e-01
-1.703681468963623047e+00,-2.605389058589935303e-01
-3.796663582324981689e-01,-3.068878352642059326e-01
-1.077678203582763672e+00,9.118221998214721680e-01
-1.094884797930717468e-01,3.858222961425781250e-01
-1.369929671287536621e+00,-4.425038099288940430e-01
2.472679615020751953e+00,2.101339578628540039e+00
-2.258471027016639709e-02,7.200973033905029297e-01
-1.661531478166580200e-01,5.223224163055419922e-01
-5.202736854553222656e-01,9.414180517196655273e-01
-2.259425878524780273e+00,-1.440866231918334961e+00
-7.967326641082763672e-01,-1.223144292831420898e+00
5.566242337226867676e-01,4.231709837913513184e-01
1.408658027648925781e+00,-1.227572321891784668e+00
-4.493867754936218262e-01,3.021977245807647705e-01
3.545067608356475830e-01,-1.070184469223022461e+00
-1.021417260169982910e+00,-9.234793186187744141e-01
1.960431039333343506e-01,1.807956814765930176e+00
4.367894232273101807e-01,-4.643133878707885742e-01
-1.571801304817199707e-01,-4.435772895812988281e-01
5.541566610336303711e-01,-2.119563519954681396e-01
-7.432982921600341797e-01,-1.254011839628219604e-01
-2.989539504051208496e-01,-4.874946475028991699e-01
6.296197772026062012e-01,6.425397396087646484e-01
-1.028371334075927734e+00,3.594726920127868652e-01
8.012289404869079590e-01,8.923776149749755859e-01
-7.023364305496215820e-01,-4.425034523010253906e-01
-1.067314267158508301e+00,-6.878672838211059570e-01
1.778571128845214844e+00,2.913411259651184082e-01
-2.269116878509521484e+00,-1.056810379028320312e+00
-1.615745782852172852e+00,-9.958382844924926758e-01
1.410587310791015625e+00,1.807957172393798828e+00
1.162707328796386719e+00,8.053059577941894531e-01
-1.084811687469482422e+00,-2.811052799224853516e-01
-8.551470637321472168e-01,1.961939781904220581e-02
3.430213034152984619e-01,-6.001871824264526367e-01
3.136346340179443359e-01,8.891727924346923828e-01
7.846288681030273438e-01,1.379612088203430176e-01
8.495702594518661499e-02,1.490470767021179199e-01
9.693601727485656738e-02,2.741965055465698242e-01
-2.947366237640380859e-01,-3.376866877079010010e-01
-2.884106636047363281e-01,-2.988221645355224609e-01
7.168376445770263672e-01,-5.781662464141845703e-01
2.472790926694869995e-01,5.119593143463134766e-01
2.361817836761474609e+00,-2.023689448833465576e-03
-1.643651843070983887e+00,-9.958387613296508789e-01
3.616529051214456558e-03,4.973530173301696777e-01
-1.002125263214111328e+00,-4.080742895603179932e-01
1.984726428985595703e+00,1.213158607482910156e+00
8.314231634140014648e-01,8.027504682540893555e-01
1.776193261146545410e+00,1.684181094169616699e+00
7.181835770606994629e-01,1.124225974082946777e+00
-1.656528115272521973e+00,-4.459430873394012451e-01
1.383802771568298340e+00,1.807957172393798828e+00
3.567051589488983154e-01,4.708027839660644531e-01
-1.416903495788574219e+00,-4.435772895812988281e-01
5.922920107841491699e-01,5.134226679801940918e-01
1.067817568778991699e+00,4.373327493667602539e-01
-1.029358386993408203e+00,-2.039827406406402588e-01
-8.991149067878723145e-01,-5.801336765289306641e-01
-5.130055546760559082e-01,3.813056349754333496e-01
9.276355803012847900e-02,6.567869335412979126e-02
1.450023770332336426e+00,1.412701487541198730e+00
-9.011338353157043457e-01,3.054396063089370728e-02
9.976252168416976929e-02,9.414181709289550781e-01
9.209058433771133423e-02,4.906748533248901367e-01
-9.243739843368530273e-01,-5.801336765289306641e-01
-1.772797107696533203e-01,1.268994092941284180e+00
1.451211720705032349e-01,1.101447582244873047e+00
1.053101897239685059e+00,6.964129209518432617e-01
5.297499895095825195e-01,-3.278114795684814453e-01
-1.319659203290939331e-01,8.920428752899169922e-01
6.855217814445495605e-01,4.437866210937500000e-01
1.066965222358703613e+00,1.573392868041992188e+00
1.077329039573669434e+00,6.737441420555114746e-01
1.605099141597747803e-01,6.222827434539794922e-01
-1.674991101026535034e-01,-3.682716488838195801e-01
-3.432807326316833496e-01,1.575813442468643188e-02
3.819193840026855469e-01,-2.400737255811691284e-02
3.529131785035133362e-02,-1.414125263690948486e-01
-2.821295261383056641e-01,-2.058804333209991455e-01
6.979045271873474121e-01,-3.336589932441711426e-01
4.450894892215728760e-01,1.820375084877014160e+00
4.028265178203582764e-01,8.755189776420593262e-01
-7.882083058357238770e-01,-9.357935786247253418e-01
3.447261750698089600e-01,-3.762882351875305176e-01
-1.064084053039550781e+00,-6.806505918502807617e-01
-9.436211585998535156e-01,-1.056810498237609863e+00
-1.656707644462585449e+00,3.009476959705352783e-01
3.152264654636383057e-02,5.981845855712890625e-01
-2.805143892765045166e-01,-6.436520814895629883e-01
8.836677670478820801e-02,2.741960287094116211e-01
-3.001653254032135010e-01,1.061475753784179688e+00
-9.692624211311340332e-02,5.578646063804626465e-01
-7.593151330947875977e-01,3.662550449371337891e-01
-1.299469918012619019e-01,-3.411993384361267090e-01
7.811742424964904785e-01,1.065171599388122559e+00
4.009188711643218994e-02,1.889582276344299316e-01
1.847370862960815430e-01,-2.750553190708160400e-03
1.156246781349182129e+00,5.134229660034179688e-01
-1.595131158828735352e-01,-3.508725464344024658e-01
-1.432965159416198730e+00,-3.793631196022033691e-01
6.184483766555786133e-01,1.011397719383239746e+00
7.835521101951599121e-01,1.299013853073120117e+00
5.866605415940284729e-02,6.308577060699462891e-01
-1.148722991347312927e-01,-2.236711084842681885e-01
-1.173847466707229614e-01,9.608994722366333008e-01
-6.186180710792541504e-01,-8.768600225448608398e-01
-4.787734448909759521e-01,1.339273452758789062e-01
-1.769441179931163788e-02,6.980707645416259766e-01
7.755212187767028809e-01,5.201462507247924805e-01
1.481788277626037598e+00,1.333698868751525879e+00
3.144422173500061035e-01,-3.343589901924133301e-01
-5.156077146530151367e-01,2.530497610569000244e-01
1.153307259082794189e-01,5.483425855636596680e-01
-2.314767986536026001e-01,3.825591802597045898e-01
9.585710167884826660e-01,4.075992107391357422e-01
-5.049297809600830078e-01,-5.163197517395019531e-01
3.966799974441528320e-01,1.205042004585266113e+00
5.127909779548645020e-01,2.112404704093933105e-01
-2.394179254770278931e-01,7.968739271163940430e-01
-1.041046679019927979e-01,6.425395607948303223e-01
6.782984733581542969e-01,3.818822503089904785e-01
-2.574088573455810547e-01,9.969606399536132812e-01
-7.538415789604187012e-01,1.796567738056182861e-01
1.585807204246520996e-01,4.330152869224548340e-01
6.113597154617309570e-01,1.131568431854248047e+00
-1.687485098838806152e+00,-3.716950118541717529e-01
1.486992597579956055e+00,1.097059845924377441e+00
-1.286010295152664185e-01,7.493406534194946289e-01
1.802057176828384399e-01,8.717941641807556152e-01
1.847887754440307617e+00,1.765418648719787598e+00
-3.609575927257537842e-01,4.819191694259643555e-01
2.627126872539520264e-01,3.708641529083251953e-01
-1.426438242197036743e-01,-3.212308287620544434e-01
2.067658752202987671e-01,7.818609476089477539e-01
2.968550622463226318e-01,2.397534847259521484e-01
-1.632704734802246094e+00,-1.227572917938232422e+00
-2.837231382727622986e-02,5.134231448173522949e-01
-1.665366649627685547e+00,-1.695178389549255371e+00
1.620197176933288574e+00,1.388711810111999512e+00
1.366631966084241867e-02,-8.388057351112365723e-01
2.312511205673217773e+00,1.397805571556091309e+00
-2.004681587219238281e+00,-1.322005987167358398e+00
1.358789503574371338e-01,-3.503028750419616699e-01
2.133140325546264648e+00,1.668935656547546387e+00
-2.006610870361328125e+00,-6.863704323768615723e-01
1.198195695877075195e+00,6.921208500862121582e-01
-7.223911285400390625e-01,-4.032188355922698975e-01
1.233145594596862793e+00,5.134230256080627441e-01
-1.079113841056823730e+00,-4.995463192462921143e-01
1.334810018539428711e+00,8.494713902473449707e-01
-4.817793965339660645e-01,-7.358915209770202637e-01
-1.099886417388916016e+00,-4.641173481941223145e-01
4.767194092273712158e-01,1.069146513938903809e+00
-9.687007665634155273e-01,-1.263581395149230957e+00
-4.669290482997894287e-01,2.989585995674133301e-01
3.107183873653411865e-01,9.546211957931518555e-01
7.683643698692321777e-02,6.982675790786743164e-01
2.205394655466079712e-01,7.686397433280944824e-01
-8.714564144611358643e-02,-9.022346138954162598e-01
-1.719294548034667969e+00,-1.386312961578369141e+00
-4.541424810886383057e-01,5.757106095552444458e-02
-1.001003623008728027e+00,6.149372458457946777e-01
8.603612184524536133e-01,1.807957172393798828e+00
3.796312510967254639e-01,-2.978001236915588379e-01
5.140920877456665039e-01,7.943453192710876465e-01
-4.820270463824272156e-02,-2.412112802267074585e-02
-1.696077734231948853e-01,1.053825765848159790e-02
-1.667654752731323242e+00,-1.013772964477539062e+00
1.109048724174499512e+00,1.461332678794860840e+00
7.526615262031555176e-02,1.418768525123596191e+00
1.349839806556701660e+00,7.709605693817138672e-01
9.644483327865600586e-01,9.471068382263183594e-01
4.937233030796051025e-01,1.085697293281555176e+00
8.090354800224304199e-01,1.630408644676208496e+00
8.753013014793395996e-01,5.879116058349609375e-01
-1.442880392074584961e+00,-3.140476346015930176e-01
-1.670391559600830078e+00,-4.201295971870422363e-01
8.608547449111938477e-01,1.380108594894409180e+00
5.141944158822298050e-03,-1.080060005187988281e+00
5.766789317131042480e-01,2.033911645412445068e-01
8.599125742912292480e-01,3.034697175025939941e-01
3.036296963691711426e-01,5.527195334434509277e-01
4.684193730354309082e-01,1.294605374336242676e+00
-3.471391201019287109e-01,-5.977977514266967773e-01
6.034185886383056641e-01,6.938102245330810547e-01
-1.673218011856079102e+00,-9.835724234580993652e-01
7.952834665775299072e-02,8.007225990295410156e-01
1.505498588085174561e-01,7.298119664192199707e-01
1.449216127395629883e+00,1.507886648178100586e+00
-9.909538626670837402e-01,4.722011685371398926e-01
7.383047044277191162e-02,2.352811694145202637e-01
-7.908553481101989746e-01,-2.096204459667205811e-01
-5.203633904457092285e-01,-2.888166010379791260e-01
-7.679292559623718262e-01,-8.721988201141357422e-01
3.624927699565887451e-01,-8.319139480590820312e-03
1.287453919649124146e-01,2.772564589977264404e-01
-8.297085165977478027e-01,-2.058808505535125732e-01
3.518148660659790039e-01,9.962121248245239258e-01
-7.899131774902343750e-01,5.236037969589233398e-01
-9.696877598762512207e-01,-3.122177124023437500e-01
8.544390201568603516e-01,8.002519607543945312e-01
1.302372574806213379e+00,1.375084638595581055e+00
2.632623910903930664e+00,3.039174318313598633e+00
-6.784232854843139648e-01,-1.660397648811340332e-01
1.019587635993957520e+00,3.440673947334289551e-01
-7.461696863174438477e-01,-2.833411842584609985e-02
-2.845073938369750977e-01,5.311104059219360352e-01
-1.656976819038391113e+00,-9.119017124176025391e-01
5.221229195594787598e-01,5.045886039733886719e-01
1.244137644767761230e+00,8.001765012741088867e-01
-7.298836112022399902e-01,-3.267974853515625000e-01
1.228031039237976074e+00,2.714519739151000977e+00
1.312129795551300049e-01,-1.025880694389343262e+00
2.633408010005950928e-01,3.231053948402404785e-01
-7.771266102790832520e-01,-3.316099643707275391e-01
-2.264070361852645874e-01,3.531377315521240234e-01
6.713443994522094727e-01,9.038007259368896484e-01
9.312248229980468750e-02,1.377476215362548828e+00
-3.844220638275146484e-01,-4.641176462173461914e-01
6.207813620567321777e-01,4.976927042007446289e-01
1.360135525465011597e-01,5.376108288764953613e-01
-5.230104327201843262e-01,-2.888166308403015137e-01
-1.045599579811096191e+00,-1.365469694137573242e-01
1.750013530254364014e-01,8.314659595489501953e-01
7.638562917709350586e-01,6.274490356445312500e-01
-7.681535482406616211e-01,-2.441071867942810059e-01
-6.759557127952575684e-01,-3.420268595218658447e-01
-6.313597559928894043e-01,7.686398029327392578e-01
-5.940319895744323730e-01,8.870813846588134766e-01
-1.088042020797729492e+00,-6.965395212173461914e-01
3.762663602828979492e-01,1.051842451095581055e+00
-1.060539722442626953e+00,-6.042016744613647461e-01
1.164523512125015259e-01,2.149643301963806152e-01
-7.301312685012817383e-02,4.955291748046875000e-01
-2.727527320384979248e-01,9.692070484161376953e-01
2.271795123815536499e-01,6.760840415954589844e-01
-4.646857678890228271e-01,1.063992902636528015e-01
-3.623484075069427490e-01,-2.870290577411651611e-01
1.299770355224609375e+00,6.418300271034240723e-01
8.256356120109558105e-01,-1.633957266807556152e+00
-5.093714594841003418e-01,2.307195663452148438e-01
-1.766515970230102539e-01,1.175895094871520996e+00
4.410964846611022949e-01,-6.150331497192382812e-01
-7.689611315727233887e-01,5.599159598350524902e-01
4.168244600296020508e-01,-5.623514652252197266e-01
-1.750364452600479126e-01,9.419692307710647583e-02
-4.563408792018890381e-01,3.953920006752014160e-01
-4.465835914015769958e-02,8.881835937500000000e-01
8.877056092023849487e-02,-1.688579916954040527e-01
-5.389824509620666504e-01,1.138984933495521545e-01
-2.046923041343688965e-01,-1.803521066904067993e-01
8.335318565368652344e-01,-1.304850280284881592e-01
-1.334441304206848145e+00,-1.349670886993408203e+00
-1.629160404205322266e+00,-3.072730004787445068e-01
9.141993522644042969e-01,8.042527437210083008e-01
-6.219829320907592773e-01,4.490013718605041504e-01
1.090496033430099487e-01,3.842983245849609375e-01
2.163244724273681641e+00,3.191396594047546387e-01
-1.688001900911331177e-01,5.975630134344100952e-02
-3.351152539253234863e-01,-4.080747067928314209e-01
-2.282465100288391113e-01,3.596948981285095215e-01
2.069453299045562744e-01,1.630408525466918945e+00
-7.410550117492675781e-01,-9.357925653457641602e-01
-4.287039339542388916e-01,1.167653277516365051e-01
-1.048246622085571289e+00,-6.806514263153076172e-01
-2.933906912803649902e-01,8.389303833246231079e-02
6.934180259704589844e-01,1.522787213325500488e+00
-7.030093669891357422e-01,-9.400225877761840820e-01
-2.005982637405395508e+00,-3.336590826511383057e-01
-2.703300118446350098e-01,-8.948974013328552246e-01
5.489073991775512695e-01,8.437921404838562012e-01
-1.089971184730529785e+00,-5.615330934524536133e-01
5.462603569030761719e-01,-6.817306280136108398e-01
1.570800662040710449e+00,1.618217110633850098e+00
-3.902096450328826904e-01,3.594725430011749268e-01
4.891470670700073242e-01,5.761272907257080078e-01
3.019697070121765137e-01,-2.918548882007598877e-01
-5.116380378603935242e-02,3.675988912582397461e-01
-1.820802837610244751e-01,-7.093497514724731445e-01
9.644249826669692993e-02,1.143361091613769531e+00
1.150166690349578857e-01,7.448396682739257812e-01
4.969087243080139160e-01,9.947621822357177734e-01
-1.640735626220703125e+00,-9.958389401435852051e-01
1.547671854496002197e-01,1.063995435833930969e-01
-1.041292548179626465e+00,-6.155047416687011719e-01
-1.668507218360900879e+00,-8.207849860191345215e-01
6.631340384483337402e-01,4.611617922782897949e-01
1.466465890407562256e-01,6.706541776657104492e-01
4.186639189720153809e-01,6.172195672988891602e-01
9.746327400207519531e-01,8.271496891975402832e-01
1.647789239883422852e+00,1.820376038551330566e+00
5.256224274635314941e-01,7.760123610496520996e-01
1.379405975341796875e+00,-1.660396456718444824e-01
-4.285244941711425781e-01,-2.750553190708160400e-03
-1.639793515205383301e+00,-7.633016109466552734e-01
-1.426594376564025879e+00,-4.087232351303100586e-01
5.534836649894714355e-01,-6.895121335983276367e-01
-4.253390431404113770e-01,-3.834203630685806274e-02
-3.605986535549163818e-01,-5.539018511772155762e-01
-1.613188505172729492e+00,-1.113132357597351074e+00
-2.607288658618927002e-01,-1.070184707641601562e+00
-4.645511806011199951e-01,-3.994626551866531372e-02
-1.942387223243713379e-01,-4.108575880527496338e-01
-1.405732035636901855e+00,-6.856797337532043457e-01
-9.718861579895019531e-01,-4.832015931606292725e-01
-1.690266728401184082e+00,-6.533169746398925781e-01
-1.111012935638427734e+00,-2.816033363342285156e-01
-1.468611359596252441e-01,7.582473754882812500e-01
-3.918248116970062256e-01,-1.869207024574279785e-01
3.506932258605957031e-01,4.854619503021240234e-01
-3.995864689350128174e-01,7.222754508256912231e-02
