-1.396175742149353027e+00,-1.068006168707607895e+00
1.895825266838073453e-01,7.060154391565198750e-01
-6.786476373672485352e-01,-6.220270598583836907e-01
-1.347721457481384277e+00,-1.387504277953409026e+00
-2.861225306987762451e-01,3.730907794580535786e-01
5.774416327476500355e-01,1.204426660958807904e+00
-6.920174360275268555e-01,-8.611071596529940031e-01
2.617256641387938898e-01,1.082984670808810002e+00
3.890529274940490168e-01,5.194590786226673806e-01
-6.058315038681030273e-01,-1.163572899470527222e+00
-9.528956376016141719e-03,-2.711196585992987629e-01
-2.910577058792114258e-01,-3.984290585952265928e-02
-6.161738187074661255e-02,-3.497251896556554662e-01
-1.152558088302612305e+00,-7.992637736185774777e-01
3.838036954402924139e-01,7.313715482334712803e-01
2.337231874465942383e+00,2.057411934221729410e+00
8.063435554504394531e-01,-4.402748594283143468e-01
-5.304814130067824623e-02,-7.390298039037817013e-01
-7.912142276763917126e-01,-9.491042362665669252e-01
6.663194894790650524e-01,-9.414694519644051240e-02
6.397144794464111328e-01,4.338296077327377098e-01
-1.784013360738754272e-01,-4.453914013832647179e-01
-1.110968112945556641e+00,2.406328029712967442e-01
1.008550763130188210e+00,3.585095706147476413e-01
-7.548735141754150391e-01,-4.672912036887448828e-01
-1.373204827308654563e+00,-8.127432306516042537e-01
7.229841351509094238e-01,2.026115132974957156e-01
1.960678696632384366e+00,2.406596316166231819e+00
1.634509205818176270e+00,1.301394353049281527e+00
-7.214040756225587048e-01,4.023734545490369463e-01
-5.035389661788940430e-01,1.102923714223907670e+00
2.959577739238739014e-01,8.062007164234552548e-02
8.616174459457396351e-01,-1.238008361527210166e+00
1.014069199562072754e+00,7.470008746399079413e-01
1.299118995666503906e-01,-4.293784894742249669e-01
-7.911245226860046387e-01,-3.796739096963972493e-01
1.069477558135986328e+00,1.011359665414766074e+00
-1.964819878339767734e-01,-5.185154626224330876e-01
-4.675122797489166260e-01,-1.421845162827608533e-01
1.278683781623840110e+00,1.722470751623093488e+00
-7.021569609642028809e-01,-7.081581326329167148e-01
-9.342891573905943714e-01,-6.846820790516709998e-01
-3.758079409599303644e-01,1.723574847778706065e-01
4.649198651313781738e-01,3.423193588175883484e-01
-9.975041747093199573e-01,-5.427909571129463373e-02
-1.832252368330955505e-02,-3.974678807189966356e-01
-4.807026386260985773e-01,-2.315966764099912645e-01
-1.146928369998931746e-01,1.913948640376226251e-01
-3.018701970577240545e-01,-1.455652484221892085e+00
3.961865007877349854e-01,-7.535474982917542697e-01
-9.847624897956848145e-01,-7.103167467290769643e-01
1.023490905761718750e+00,1.105159361286551789e+00
7.891602516174317516e-01,1.949161484542609735e-01
-1.139175030402839401e-03,-9.898347432646930066e-01
-4.761712551116942804e-01,-5.964332507458522947e-01
1.554649233818054199e+00,8.016726430419551797e-01
-7.251960784196852250e-02,-3.796749361133886502e-01
-6.785578727722167969e-01,-3.711205776272561430e-01
-8.422259092330931507e-01,2.859981214579798703e-02
-3.124583661556243896e-01,-9.686247008564810024e-01
1.777808427810668723e+00,-6.315650190517847484e-01
-2.096956595778464577e-02,-5.052937364378276008e-01
-1.635958403348923007e-01,2.375767588198809399e-01
-6.787822246551513672e-01,9.139971319363020541e-01
-1.611731201410293857e-01,8.879686653051246381e-01
3.683252334594727118e-01,5.501126835439489327e-01
-1.456609129905700462e+00,-9.803223909988507678e-01
-8.424053788185118519e-01,-2.550828796106241469e-02
-1.671602845191955344e+00,-6.361047697117840904e-01
4.399592399597167969e+00,4.177160565811186110e+00
2.954857982695102345e-02,5.682966210807265384e-01
1.231844544410705566e+00,5.501675009150863715e-01
-7.570270299911500134e-01,1.747103424632334701e-01
-7.238501310348510742e-02,7.278103015713455193e-02
1.036209240555763245e-01,2.724552904418864330e-02
-9.045884609222412109e-01,-1.108074219119049797e+00
1.305827140808105469e+00,1.022239334373942654e+00
1.543185263872146606e-01,4.101740519761043480e-01
2.118917942047119141e+00,1.139407864624449651e+00
-1.610385328531265259e-01,8.149012934350592374e-01
4.702139794826508123e-01,9.620361369849925737e-01
-3.433255851268768311e-01,-2.623348198416439736e-01
6.691908240318298340e-01,-9.564184845353906894e-02
1.453209161758422852e+00,6.132276374970415667e-01
-7.438366413116453968e-01,-2.847177116276315978e-01
9.449319839477537952e-01,4.128487119548420736e-01
6.157564520835876465e-01,1.001483225772909602e+00
1.608532190322876199e+00,7.190704254160991127e-01
1.837716065347194325e-02,7.221286656275296423e-01
-7.364339232444763184e-01,-1.084594048922980836e+00
-1.534563153982162476e-01,-1.520893598542087943e-01
1.205418944358825462e+00,1.738937647969811096e+00
-1.633198261260986328e+00,-1.230289185338519165e+00
-2.988642454147338867e-01,3.953577424849310518e-01
8.176496028900146484e-01,6.379141119098679091e-01
4.091525077819824219e-01,-3.047661912899668479e-02
-1.799716204404830655e-01,-5.561096177076616520e-01
2.363074064254760742e+00,1.760642793216899538e+00
9.737802743911744274e-01,1.316740781647164571e+00
-1.171604245901107511e-01,-4.993975759239432932e-02
3.173584342002868652e-01,1.181918194566540237e-01
-7.617827057838439941e-01,-3.423331529570590170e-01
-7.429842352867126465e-01,-1.084412691464396783e+00
-1.183269172906875194e-01,5.408154582699369328e-01
2.371611073613166462e-02,5.181799537779907538e-01
-1.104148626327514648e+00,-2.019883333511818257e-01
7.106910943984984241e-01,4.202858093825811991e-01
-1.724409103393554465e+00,-1.009905764679405404e+00
-1.420157104730606079e-01,-3.176197228597197331e-01
-4.964503049850463867e-01,-6.581888286235364482e-01
6.791957616806030273e-01,1.312698355058690147e+00
-2.251708984375000000e+00,-6.846821407024159534e-01
1.007294535636901855e+00,5.978316468282018903e-01
1.794543147087097390e+00,9.592327906883322264e-01
-6.871271133422851562e-01,-5.311133150532794112e-01
1.042603373527526633e+00,9.245622102376982454e-01
-2.306692153215408048e-01,-8.231773848195920174e-01
-1.397060509771108627e-02,-1.153430772589203457e-01
7.618373632431030273e-01,4.267343571554862436e-01
-1.524692922830581665e-01,1.660083552456206313e-01
-7.775752544403075062e-01,-3.714338299069814830e-01
-3.524780571460723877e-01,5.031369989169736101e-01
3.865404725074768066e-01,6.871640385351662772e-02
1.296943902969360352e+00,-1.998706569626174101e-01
-1.254156082868576050e-01,4.618184203845920877e-02
-4.434645771980285645e-01,-4.646549757461779784e-01
-2.248703241348266602e+00,-1.373124062495321152e+00
7.925914973020553589e-02,2.024106647333776543e-01
5.935482382774353027e-01,4.056648455853828494e-01
1.004378318786621094e+00,4.777614937187188993e-01
1.203107535839080811e-01,1.077581428269760444e-01
-1.078037023544311523e+00,6.950965437814082826e-01
-4.169492721557616632e-01,-3.327428840592339121e-01
4.467943608760833740e-01,8.776364023138443216e-01
1.485377430915832297e+00,-4.346470420427830383e-01
3.764458298683167614e-01,4.419722733405961890e-01
-1.039408206939697266e+00,-5.073379089773664141e-01
-6.545550227165222168e-01,-8.127426545579363726e-01
1.112009763717651145e+00,5.917145313116058958e-01
1.149269342422484935e-01,4.486543668911315841e-01
-1.659264922142028809e+00,-8.083717744844576281e-01
5.435900017619132302e-02,-6.285037717902288712e-01
2.898687031120061441e-03,9.013970132135140645e-02
-2.872441709041595459e-01,-6.504953965671389504e-01
-5.928439274430274963e-02,-9.120932248339665982e-01
2.143032103776931763e-01,6.898999104145318029e-01
3.423034548759460449e-01,4.128490486984475183e-01
-1.682169437408447266e-01,-4.064896307511109974e-01
-1.113929152488708496e+00,-9.729933623536104470e-01
1.086481451988220215e+00,8.625403633704387119e-02
3.300552666187286377e-01,4.342420017006860533e-01
-1.644638895988464355e+00,-9.245159207923250300e-01
4.362061917781829834e-01,-5.912863900377716142e-01
7.676249742507934570e-01,6.359288022593396761e-01
-4.889578223228455145e-01,-4.283038570788000321e-01
-3.770641684532166082e-01,-8.006278855593440547e-01
1.852957487106323242e+00,1.452571247489332862e+00
-9.793337583541870117e-01,-4.046365409185352924e-01
1.352711200714111106e+00,7.834498804744018940e-01
-1.656752467155456099e+00,-1.330142313249287778e+00
1.061177611351013184e+00,1.049087142661808691e+00
-1.659623861312866433e+00,3.585096529840288149e-01
5.242764353752136230e-01,6.884721593323912536e-01
1.115387305617332458e-02,3.495447201710244478e-01
5.586431622505186878e-01,9.638505242818555807e-01
5.619632005691527210e-01,5.630830667407757950e-01
6.992720067501068115e-02,1.190754737603487712e-01
9.855116158723831177e-02,-1.145339396085662820e-01
-8.569416999816894531e-01,-5.764703569425710938e-02
6.094753742218016468e-01,3.450614007744730038e-01
-6.830444335937500000e-01,-8.403600032374343165e-01
1.762015938758850098e+00,1.204427360436692851e+00
-1.741906523704528587e+00,-3.230036572461081334e-02
3.339585363864898682e-01,4.768127242900637164e-01
1.067614853382110457e-01,3.956317613113764509e-01
-3.039339780807495117e-01,-1.072968996191281388e+00
5.503430962562561035e-01,-9.491040591768142853e-01
-3.100805282592772882e-01,3.058828334736274357e-01
6.236527562141417347e-01,2.139149357748406644e-01
-4.374974966049193226e-01,-3.925083043749588718e-01
-1.029178977012634277e+00,-6.846821824060920214e-01
9.683516025543211780e-01,9.148910390259312742e-01
-1.746437907218933105e+00,-5.404192474088298503e-01
2.099940061569213423e+00,9.242071632180133278e-01
-4.397856295108795166e-01,-2.676629672103580937e-01
-5.481798052787781872e-01,-6.171359937013209951e-01
-6.145353317260742188e-01,-8.511971164806726442e-01
1.455407500267028809e+00,5.031383808542773117e-01
-7.793250083923340954e-01,-4.968687173987187400e-01
-1.603542447090148704e+00,-1.615271415035129277e+00
6.332987546920776367e-01,2.760224551778032165e-01
6.795547008514404297e-01,5.682958380754516980e-01
-8.542497754096985974e-01,-2.849935716366993610e-01
-4.967194795608521063e-01,-6.285043348327490342e-01
-1.948901638388633728e-02,5.574254349073957115e-01
5.631745457649232067e-01,-1.998696202562992852e-01
6.075910329818724476e-01,3.495445521913582709e-01
3.386693894863129217e-01,-1.656837469141709818e-01
2.473980665206908736e+00,1.394138715107821280e+00
1.429676413536071777e-01,-1.421848274449093452e-01
-1.695336461067199707e+00,-1.043493292164796582e+00
-6.693605184555053711e-01,-3.739415202292302176e-01
2.432659864425659180e+00,5.267210791361636169e-01
-5.010265707969665527e-01,-6.076483089793147663e-01
-3.038891255855560303e-01,-1.108074469341090218e+00
9.111485481262208141e-01,2.099821505877792482e-01
2.479072064161300937e-01,7.931485450784090396e-01
6.259408593177795410e-01,-4.370118019552964306e-01
5.432992577552795410e-01,-8.127432111085792776e-01
8.730580210685732201e-01,4.588359761864841957e-01
-1.098922714591026306e-01,-4.414748425092098749e-01
-4.604917764663695595e-02,-2.288391121505619630e-01
-1.742288768291473389e-01,-1.150515525560397823e+00
3.829512596130371094e-01,3.913694931833942015e-01
1.092717766761779341e+00,-2.676910211457239619e-01
-4.730755686759948175e-01,-5.284045864933681891e-01
1.763945102691650613e+00,1.008196185720971805e+00
-1.109801650047302246e+00,-1.229407849784960316e+00
8.132976889610290527e-01,9.656829978592025299e-01
-1.105180501937866211e+00,-7.203734173297378085e-01
3.340034186840056818e-01,3.886682791824744854e-01
-2.958134114742279053e-01,-8.492280081130565428e-01
5.131947398185728870e-01,2.947158643502127973e-01
-1.102084755897521973e+00,-3.327433898319562822e-01
1.177198767662048118e+00,5.574147819168335793e-01
8.198480010032652698e-01,-4.764954180264235895e-01
-7.884325981140135609e-01,-5.584583062878860638e-01
2.090539932250976285e-01,1.245577920873612854e+00
9.053609371185303845e-01,5.338632873178799088e-01
5.953876972198487438e-01,7.887240068381418112e-01
3.874826431274414062e-01,-2.676902913863181688e-01
-5.149347186088562012e-01,-2.768343534760631108e-01
1.002897739410400613e+00,1.211339269640170802e+00
-3.133108019828795832e-01,-7.379971615661831130e-01
7.826547622680664062e-01,8.730321923921935401e-01
7.888910174369810901e-01,4.482606718659689626e-01
-4.872978031635283869e-01,-3.564094602164096237e-01
5.832292437553404651e-01,4.246258412499166468e-01
1.322897523641586581e-01,-9.185337791624861303e-01
1.474116325378417969e+00,8.771009653296641950e-01
2.632062137126922052e-01,-6.309937686222597542e-01
2.352552413940429410e-01,-5.073368281287362613e-01
-6.917482614517211914e-01,-1.060469763142418476e+00
-4.147293418645858071e-02,9.139971686871923851e-01
-1.047708272933959961e+00,-9.238585501548333134e-01
5.168737173080444336e-01,-4.392008710207417899e-01
-2.713618874549865723e-01,-9.175365807885826896e-02
1.833014041185379306e-01,6.547008258938489256e-01
1.052069902420043945e+00,4.581696409641282663e-01
-8.358550667762755237e-01,4.128485312539993402e-01
-3.547661900520325262e-01,5.041683863635793017e-03
1.190096661448478699e-01,-9.256119092090209222e-02
-3.195022046566008966e-01,-8.928217804706135574e-01
5.662702322006225586e-01,2.542778859759384780e-01
5.973169207572937012e-01,-4.412624482768454648e-01
4.153887629508972168e-01,-5.638332841065474277e-01
-4.078865051269531250e-01,-2.737926781203907645e-01
-2.266021013259888139e+00,-1.654703737230557525e+00
4.408488422632217407e-02,1.320341318015554322e-01
-6.314279884099961715e-02,-3.150190045249776638e-01
2.104896754026412686e-01,-3.925096015281215323e-01
1.282183289527893066e+00,4.561016707187790509e-01
2.722689807415008545e-01,6.780596992079397367e-01
-8.370215892791746937e-01,-2.546274130313617157e-01
2.011577337980270386e-01,-1.810325313607910047e-01
-1.385946512222290039e+00,-4.987974182630154907e-01
-8.811114355921745300e-03,-5.814422858185408494e-01
-2.833409011363983709e-01,-6.846831282806671304e-01
-1.000465273857116699e+00,-8.459376914058238661e-01
-7.450480461120604359e-01,-3.608774758295942853e-01
1.015684366226196289e+00,1.245462137294325089e+00
-1.104283213615417703e+00,-7.090821629688455197e-01
3.892840862274169478e+00,3.642321023814048431e+00
9.054058194160460316e-01,7.470002448209211998e-01
6.573464274406433105e-01,-1.288978934716800140e-02
-4.147060215473175049e-01,9.346191025850290046e-01
2.173989117145538608e-01,1.169369953683974117e-02
1.020754098892211914e+00,1.022239732472657536e+00
5.451835989952088513e-01,-1.998709022562485949e-01
1.128654718399047852e+00,1.056479474296565080e+00
3.860918283462524969e-01,-6.846828015292607539e-01
-2.889490425586699884e-01,4.970815125581617977e-02
5.353133082389831543e-01,-4.526562319915270471e-01
-1.011412382125854492e+00,-1.238008880676165990e+00
1.027080059051513672e+00,1.099027589584006925e+00
5.162007212638854980e-01,4.443637293221351925e-01
3.908475339412688654e-01,-4.197465212697335524e-01
1.411305069923400879e+00,1.064504473175818866e+00
-2.486152797937392633e-01,-3.994107284629513366e-01
-1.004189014434814453e+00,-8.989945446411451435e-01
3.834447860717772882e-01,-8.459380252112622678e-01
7.721563577651977539e-01,-8.511972910924909819e-01
7.720665931701660156e-01,2.800701104091580795e-01
-6.920174360275268555e-01,5.501694532489951328e-01
1.297841191291809082e+00,3.129254976722326553e-01
7.324058413505554199e-01,7.492798583153197356e-01
1.062613248825073242e+00,1.160234859329186463e+00
-1.169203042984009011e+00,-9.229674680548591859e-01
1.879966378211975098e+00,1.022238749701322114e+00
-1.357501983642577903e+00,-1.458045389688512383e+00
4.348602294921875000e-01,-1.640324486058135633e-01
1.089397788047790305e+00,-3.396403514541748159e-01
-4.719090759754179798e-01,-9.534767565860868821e-01
2.584953904151916504e-01,1.723584324646738608e-01
1.442217230796813965e+00,4.836683558078589407e-01
-1.352656602859497070e+00,-9.693445972027823210e-01
-1.317033648490905540e+00,-6.772369592669202909e-01
3.202297985553741455e-01,2.131573725808344477e-02
-4.909767508506776013e-01,-7.607713399088846806e-01
-1.089836597442626731e+00,1.539747984134915981e-01
1.292771458625793679e+00,-6.246470582973304708e-01
-6.980742216110228382e-01,-4.264917369905494304e-01
1.510882377624511719e-01,-2.176146582160365384e-02
-6.661302447319030762e-01,-7.205703828314056203e-01
1.043814778327941895e+00,5.231317622619489072e-01
6.643454432487487793e-01,3.401687761321965375e-01
-2.222345769405364713e-01,-4.197487495040674865e-01
1.327541828155517578e+00,8.691574917550908275e-01
1.445447444915771484e+00,9.242071761195775892e-01
2.072145193815231878e-01,3.556371393376838164e-01
-4.666598439216613214e-01,-7.414184524270779342e-01
-2.698813378810882568e-01,-5.912852769125591657e-01
-2.293232679367065430e-01,2.468645847835766460e-01
3.858226537704467773e-01,1.071796741647115248e-01
-4.990758001804351113e-02,-2.676457718464986257e-02
-1.621981978416442871e+00,-1.129170659492663820e+00
7.364885807037353516e-01,1.139406250750936600e+00
-1.369256734848022683e+00,-4.264917437085631313e-01
9.104306697845460095e-01,7.104268539140399241e-01
-5.273408442735672691e-02,2.565643756577973278e-03
-1.032274603843688743e+00,-1.139737250927600254e+00
5.155726075172424316e-01,8.530967593221552292e-01
-1.361832469701766690e-01,-3.171496349684104210e-01
4.370137751102448065e-01,-3.076615974905823059e-01
-2.038631960749625813e-02,2.698873589699397613e-01
-1.871948987245559970e-01,3.969948044840476697e-01
1.025823831558227317e+00,1.147170997019677952e+00
8.175598382949829102e-01,4.964620357610871615e-01
1.355806946754455566e+00,8.691560070790771420e-01
1.446883201599120872e+00,1.230376457019041858e+00
4.076271057128905695e-01,6.422683737532710602e-01
-1.379329860210418979e-01,-6.429515264657514884e-01
1.410721898078918457e+00,1.237213308479099716e+00
-3.105291724205017090e-01,-6.050201208734331537e-01
3.059178292751312256e-01,4.054345606344642583e-01
-1.273896694183349609e-01,5.501676583112535823e-01
1.323189973831176758e+00,3.495440090628156860e-01
3.064764976501465288e+00,3.166240826488571081e+00
-5.119736194610595703e-01,-6.671463546854918825e-01
-2.566910088062286377e-01,-5.185156506382697650e-01
-1.804651319980621060e-01,-6.220657504223274792e-01
3.485196113586425781e+00,2.847464934193808972e+00
-5.156077146530152477e-01,-8.850155293125951950e-01
-1.668327689170837624e+00,-1.128788854328257596e+00
1.724015116691589133e+00,2.214947973497766398e+00
-1.031826019287109153e+00,-1.702263872913341025e-01
-3.033058941364288330e-01,-9.324198541091273107e-01
-1.616418719291687012e+00,-6.846825328016676870e-01
1.214090641587972641e-02,-7.205694751106936913e-01
9.906944036483763538e-01,1.022768903767338422e+00
-4.782350659370421808e-01,-8.343652839149657829e-01
1.732516139745712280e-01,4.839464290585668849e-01
1.266570210456847700e+00,-1.202072777181624197e-01
9.581223130226137474e-01,-3.217872988507823884e-01
-9.010441303253171608e-01,-4.941345047068774754e-01
-1.679768323898315652e+00,-7.992654988236611580e-01
-1.340677618980407715e+00,-1.175508779055608688e+00
-1.114512443542480469e+00,-9.729950670281390934e-01
-4.033551514148711603e-01,-2.006038029197076966e-02
-2.267725944519042969e+00,-1.618839850640472644e+00
5.389922261238098145e-01,5.468720460069014244e-01
5.109515190124511719e-01,3.666752535334389940e-01
3.090583980083465021e-01,-6.671470759666742190e-01
-4.875221252441406805e-01,-1.009906308872458691e+00
5.684686303138732910e-01,-6.246470788957148024e-01
2.644602775573730469e+00,9.139969533488203624e-01
2.077977657318115234e-01,-1.965586517975270731e-01
1.098909139633178711e+00,5.582859220325864236e-01
-5.087882280349731445e-01,-5.073368988892181797e-01
-2.844050060957670212e-03,8.101150702723138863e-01
-1.963473856449126920e-01,-6.439223862354332972e-01
-1.354451179504394309e+00,-5.814426128588467968e-01
-7.939959168434143066e-01,-6.439221861957480364e-01
-4.659419953823090155e-01,3.830609240825451067e-01
6.306068301200866699e-01,7.668275688495977960e-01
7.922559380531309925e-01,-3.615005576966412448e-02
-9.258545637130736194e-01,2.468643051751020501e-01
1.092583179473876731e+00,6.063265188455604360e-01
6.814839243888854980e-01,2.126864786310034283e-01
-7.161548733711241566e-01,-6.118679937248638900e-01
-1.927581727504730225e-01,2.164505229550233167e-01
-1.987408518791198730e+00,-8.069985324224737688e-01
-4.051497578620911755e-01,-4.395995327823443155e-01
-7.328895926475524902e-01,-6.772359422148892527e-01
7.948580980300902210e-01,3.556372888759939954e-01
6.062450408935546875e-01,1.099856065674177152e+00
6.881239414215089001e-01,-1.145335282117514453e-01
8.991695642471313477e-01,4.501857546541496724e-01
3.899950981140137274e-01,3.053996752170626827e-01
-1.652109920978545865e-01,2.478989923377774574e-01
-1.033306598663330078e+00,-8.006278804254374215e-01
2.107140123844147006e-01,-3.933747753626577470e-01
-9.999268651008605957e-01,-1.036039992499354856e+00
6.469826102256776013e-01,1.077078165487780570e+00
1.485757827758789062e-01,-6.581894552020695066e-01
1.406728863716125488e+00,6.028235238575465615e-01
-5.373672842979432263e-01,-2.728020021373702697e-01
5.561522394418717125e-02,-4.519224408034232532e-01
-1.616666316986083707e-01,-4.348610902204286255e-01
-1.668866038322448508e+00,-7.856614355418529705e-01
-3.248411417007446289e-01,-1.248293492570664576e-01
5.333840847015380859e-01,7.514186247126759532e-01
-1.359565854072570801e+00,-1.082094829284961701e+00
-4.626668393611907959e-01,-8.290912415916502631e-01
-1.098181486129760742e+00,-6.102050794229589847e-01
-1.312480717897415161e-01,4.270301946125099057e-01
-8.687645196914672852e-02,-9.491036653944182611e-01
1.770651489496231079e-01,5.747813102307550714e-01
1.037555187940597673e-01,-2.648572310013990183e-01
1.001776099205017090e+00,1.071792265559570190e-01
1.606445163488387784e-01,6.368834493701136523e-02
2.759927809238433838e-01,2.803411603389172058e-01
-1.586897492408752441e+00,-1.618838689028376354e+00
-1.330426782369613370e-01,3.044958334541045808e-01
-1.284664422273635864e-01,-3.438089817682086213e-01
-2.451391145586967468e-02,-8.001325623421440270e-02
7.160300612449645996e-01,1.958680630393203614e-01
-8.005695044994354248e-02,5.773087723919938519e-01
2.045787811279296431e+00,6.311322692915100063e-01
6.267035603523254395e-01,-5.164526859872520248e-02
-1.098899364471435547e+00,-5.842211004604194180e-01
9.007164835929870605e-02,4.023747652713409728e-01
2.145926952362060547e+00,7.706587519781926687e-01
5.646766349673271179e-02,3.234333328959215770e-01
-5.330602526664732776e-01,-4.869008052320107360e-01
1.905045986175536887e+00,1.722469970047266763e+00
-1.034607648849487305e+00,-1.226402947581800351e+00
-5.606074333190917969e-01,8.012560618824160485e-03
1.773343384265899381e-01,-2.315967626064190377e-01
-9.582023024559022106e-01,-8.188327414977005780e-01
1.460701584815979004e+00,5.145559715968328618e-02
9.102063775062559925e-01,1.051540423711494476e-01
-5.790021419525146484e-01,-6.527430928458328729e-01
-7.767227888107299805e-01,-4.197476313356172106e-01
-8.037100732326507568e-02,-1.270235005824575936e-01
-5.421230196952819824e-01,-3.136260629142033629e-01
-7.230192422866821289e-01,-1.224026103882046801e+00
1.283843278884887695e+00,9.063673938318017598e-01
-4.071686863899231512e-01,-1.000113273386404877e-01
-9.549271464347840466e-01,-1.323924026208357585e+00
3.446364402770996094e-01,1.403255685291044941e-01
-7.713838815689088024e-01,-1.998707657543445926e-01
-1.522449553012847900e-01,-5.471220524352280457e-01
-3.043826520442962646e-01,4.271732402676939877e-01
1.104606986045837402e+00,8.291894909021002569e-01
1.608239710330963135e-01,5.213266587519749251e-02
-1.161306738853454590e+00,-7.992641701693616874e-01
-7.837666273117066540e-01,-3.122129218025544439e-01
-1.320129394531250000e+00,-1.312840714194431602e+00
4.534344077110291082e-01,7.310235927264137068e-01
2.044777572154998779e-01,1.297980624041561448e-01
-1.332287788391113281e+00,-7.064287254244878689e-01
-5.231450796127319336e-01,-1.965599124842523082e-01
-9.044987559318542480e-01,-8.083714059969824284e-01
-5.645555853843690075e-01,4.881333552773696738e-01
4.642468988895416260e-01,2.148494773302549454e-01
-1.712474942207336426e+00,-8.320794132061410942e-01
-7.920451462268827958e-02,7.640745890262512496e-01
4.388980865478516180e-01,9.964325675421199513e-01
1.644155144691467285e+00,1.368551486810377416e+00
-6.823265552520753063e-01,-8.443875997349450380e-01
2.856387794017791748e-01,4.093723495629033593e-01
-7.627697587013244629e-01,-1.768528026683835463e-02
2.184645414352416992e+00,9.722056899857789425e-01
-5.107407271862030723e-02,4.318906834045046494e-01
-7.993797063827513538e-01,-4.247544360126407348e-01
5.310277640819549561e-02,2.327950452404512482e-01
1.487710475921630859e+00,8.874624973807994088e-01
-7.397090792655945934e-01,-4.284682963404882194e-01
-6.915239095687866211e-01,-5.052939367546041005e-01
-9.989846944808962181e-01,-8.163699664817474222e-01
1.941566109657287598e+00,9.346193845245815979e-01
-2.264405965805053711e+00,-1.441326958930026603e+00
1.062164545059204102e+00,1.154197212871056255e+00
-1.076466798782348633e+00,7.278137934224648831e-02
1.419694900512695090e+00,1.179438064048581314e+00
-1.069153785705566406e+00,-5.073364626568026559e-01
1.867560297250748236e-01,5.098511151264983887e-01
-1.088266372680664062e+00,-5.111920289797331485e-01
-6.610605120658874512e-01,-8.511961801588880938e-01
-1.041920661926269531e+00,2.131564611325398317e-02
-1.635621070861816406e+00,-1.441327651628989681e+00
-1.689683556556701438e+00,-1.043494863592104860e+00
-8.094743490219117321e-01,-1.234070629515284789e+00
-1.530076712369918823e-01,-9.313299723543431163e-01
2.421196103096008578e-01,-1.266178614939161839e-01
-1.015315651893615501e+00,-7.294656285997169753e-01
-1.937900781631469449e-01,1.494778248193462389e-02
1.022301018238067488e-01,-1.229406391882819971e+00
-1.989047080278396884e-01,-7.699178849742653874e-01
-2.241031169891357422e+00,-9.041650878824234461e-01
-1.063904523849487305e+00,-1.000107921377373366e-01
-7.684676051139830433e-01,-4.214518902632558017e-01
-6.771904230117796464e-02,-4.221855033453580930e-02
-7.940407395362854004e-01,-2.953990540380302399e-01
-1.017783164978027122e+00,4.046647018833438025e-02
1.515616536140441895e+00,6.379138603313663225e-01
-7.241857647895812988e-01,7.989712160896180748e-01
-1.637639999389648438e+00,-1.237559608942380596e+00
-2.329146385192870650e+00,-9.230706607436824918e-01
1.972074508666991965e+00,1.784316718273375013e+00
-2.523175440728664051e-02,-1.656840514696820144e-01
3.826820850372313343e-01,-2.755577128093249506e-01
-6.879795789718627930e-01,-1.224027000872479842e+00
-3.217903077602386475e-01,-4.535645210917906844e-01
1.691398143768310103e+00,1.403244707120130386e-01
1.410384476184844693e-01,3.053971552682179791e-01
-5.657669305801391602e-01,3.234327355856474462e-01
-4.230957925319672741e-01,-5.435151613766024958e-01
1.312915802001953125e+00,7.629699665860543156e-01
8.459146022796630859e-01,7.739501158464228148e-01
4.720534384250640869e-01,4.618233665517923470e-02
5.616939663887023926e-01,8.579784364143310249e-01
1.746627092361449973e+00,1.952719482500807402e+00
-1.753347158432006614e+00,2.380565843060180597e-01
-3.099459111690521240e-01,-1.448500469525795697e+00
3.128719329833984375e-01,-9.867593097623883480e-02
-1.626109600067138672e+00,-9.220701279643530590e-01
-2.869749665260314386e-01,9.099806203779703395e-02
5.976758003234863281e-01,8.397171493161854627e-01
1.086571216583251953e+00,6.258302624395777336e-01
-4.559370875358582098e-01,-1.965592156566118298e-01
2.983356118202209473e-01,1.597772810684405798e-02
-3.570991754531860352e-01,-2.432754499285745275e-01
8.207452893257140003e-01,4.836681253870214192e-01
3.593522012233734131e-01,2.021246799643980907e-01
-1.430924683809280396e-01,-1.234071551814070578e+00
-9.188555479049681507e-01,-3.807205471141963393e-01
-3.941129148006439209e-01,3.118440320068844862e-01
-3.030815422534942627e-01,-7.328493991126006080e-02
4.394813477993010919e-01,9.483087077818641575e-03
-1.776386350393295288e-01,-3.974433216706523275e-01
-7.433879971504211426e-01,-1.212520688980873729e-01
1.536006927490234375e-01,7.244232482281462993e-01
-3.625278472900391180e-01,-4.840086640737353285e-01
2.112681865692138228e+00,-1.618839579969120646e+00
2.023690938949584683e-01,6.018479346557326082e-01
-7.198786735534667969e-01,-3.385741569364744130e-01
-4.147957563400269110e-01,-5.516000408077155193e-01
-7.844845056533812366e-01,-9.491041453230315561e-01
-8.055710792541503906e-01,-3.623032539015169640e-01
2.814663350582122803e-01,-9.534760914125475217e-01
1.449440479278564453e+00,8.801978646070773848e-01
-7.098289132118225098e-01,-7.837962884146487674e-01
2.900804281234740656e-01,-2.315962744048580824e-01
-7.198337912559508167e-01,-8.441156051294904650e-01
-3.065810203552246094e-01,1.099006366386934275e-02
3.384899199008941650e-01,2.286750022444117292e-01
-5.233693718910217285e-01,4.151734585032982316e-01
5.668983459472657360e-01,5.574255484140371308e-01
1.897171288728713434e-01,1.149473310161202022e-01
5.587328672409056507e-01,8.853960138650953660e-01
8.809094429016114391e-01,9.613980918165601075e-01
-1.689818143844604492e+00,-5.073376294290006250e-01
-1.001811265945434348e+00,1.611590449558506499e-01
-7.622762322425842285e-01,8.770335648158367192e-02
-1.062693238258361816e+00,-1.046567870446968751e+00
-8.128392696380614124e-01,-6.439214451219821278e-01
4.027816653251647949e-01,-7.699167119274297200e-01
-1.603655517101287842e-01,-6.858239549253366540e-01
-9.677585959434508167e-01,-1.089926827861557701e+00
-3.011523485183715820e-01,-1.893969932353960495e-01
9.550033509731291337e-02,-4.154088652882594879e-01
5.103234052658081055e-01,4.818432767884468504e-01
2.510926425457000732e-01,-4.508944687783098537e-01
-1.344715476036071555e+00,-3.832268487964962667e-01
1.087244153022765891e+00,9.784193170722019772e-01
1.122149229049682617e+00,6.930619093265542041e-01
5.423570871353148304e-01,7.640742954167762946e-01
-9.813078641891479492e-01,-1.238009084865805409e+00
7.567676305770874023e-01,7.140118138321103203e-01
2.347168624401092529e-01,-1.007293711403218772e-01
1.102588057518005149e+00,1.402403063004080241e+00
-1.152872085571289062e+00,-9.627541332986013778e-01
5.299294590950012207e-01,5.267216387115842835e-01
-1.273896694183349609e-01,1.507510524943347363e-01
-3.280265629291533869e-01,3.308553864378209752e-01
-8.129738569259643555e-01,-6.296014624203682963e-01
-7.320820093154907227e-01,-8.660717798888861729e-01
2.590540409088134766e+00,9.346191570990689534e-01
4.370586276054381769e-01,-6.846822081643311186e-01
-2.327620983123779297e+00,-8.459365062215593589e-01
-1.056950449943542480e+00,-9.123562664411042356e-01
6.477004289627075195e-01,1.539727425069825628e-01
-7.305117249488830566e-01,-3.624666197520221012e-01
-6.368117779493331909e-02,-2.676903078438521710e-01
-7.178597450256347656e-01,-3.410200474832074669e-01
-3.256487250328063965e-01,-8.309951519872966763e-01
-1.967398762702941672e+00,-6.772376129845301129e-01
-1.144572138786315918e+00,1.090357090225828163e+00
-5.910493433475493691e-02,-4.396695295853789709e-01
6.337922811508177601e-01,-2.278227718677561242e-02
5.812103152275085449e-01,1.975068913950455141e-01
-3.581992536783219078e-02,-2.656038737844563791e-01
-1.971840381622314453e+00,-1.163574441680889304e+00
7.071916460990905762e-01,-2.728012433462265740e-01
-3.118302524089812677e-01,-1.108073341977741766e+00
3.196465671062468927e-01,-8.343664522078504397e-01
-1.799716204404830655e-01,-3.396405326652529588e-01
1.321305632591247559e+00,1.511476709567186383e+00
-1.367192864418029785e+00,-8.834476537617335090e-01
-2.668753862380980890e-01,7.176183349632836439e-02
-9.250020980834962048e-01,-6.463686840488596097e-01
3.408835649490356445e+00,9.346194760167443327e-01
1.138569951057433860e+00,8.415427048809571708e-01
2.457536756992340088e-01,-9.534760843446465906e-01
-1.646209239959716797e+00,-1.061415937207656146e+00
9.194934368133543812e-01,2.682216000393520261e-01
-8.080387115478514515e-01,-7.115376930666443833e-01
-8.061543703079222523e-01,-6.858243647973476520e-01
-9.516519904136655494e-01,-1.322170230720244977e+00
1.805646270513534546e-01,6.924701767505605510e-01
-1.366609692573547141e+00,-1.175507987698236168e+00
-1.598427772521972434e+00,-8.915878998983486348e-01
-1.649888157844543457e+00,-8.461087988904139046e-01
5.428954958915710449e-01,1.160235049940793406e+00
-7.459453344345090553e-01,-7.427602590344570821e-01
9.887652397155759498e-01,1.064852079192643686e+00
-9.245534539222716175e-01,-9.041668842464507527e-01
-7.772611975669859730e-01,-8.127425890279931231e-01
-1.135419607162475586e+00,-8.710735254756492019e-01
4.128763079643250067e-01,7.470008518449411383e-01
9.805100560188290126e-01,1.833748858347545863e-01
4.928924143314361572e-02,2.139564104605686801e-01
-3.655338287353516180e-01,-4.357542129504698991e-02
-4.832150936126707874e-01,-4.331583325921006811e-01
1.320049405097961426e+00,-4.264912832829970135e-01
4.698101878166198730e-01,6.405832574443350858e-01
4.141774177551270086e-01,-1.939035346249675662e-01
-5.196006894111633301e-01,-9.564037808859504608e-02
6.224413514137268066e-01,8.324541182157143560e-01
-4.638782143592832807e-01,2.024095172222377670e-01
-1.590710997581481934e+00,-8.254497995586507209e-01
-1.043849825859069602e+00,-4.293800512381760193e-01
-1.043221712112426758e+00,-1.089927203178071569e+00
1.510882377624511719e-01,1.514030014243754607e-01
9.179680347442625843e-01,2.131568747159651167e-02
-5.178061127662658691e-01,-4.402748259991233759e-01
-3.088476136326789509e-02,-1.998701031573242304e-01
1.744629740715027133e-01,4.354995510969699168e-01
-4.745112359523772083e-01,-4.335256888859917446e-01
2.239940911531448364e-01,4.101745963581349130e-01
1.249297142028808372e+00,-4.221997803205468358e-02
1.047718048095703125e+00,-4.215140590749211214e-02
1.770418323576450695e-02,-3.711205610803092192e-01
-4.566100537776947021e-01,-2.813093694906769748e-01
1.127757430076599121e+00,1.956020218177743075e-01
4.864551424980164129e-01,6.757052073401990100e-01
1.421175479888916016e+00,1.204153017119220959e+00
3.060972988605499268e-01,-3.126723927047767582e-01
-1.660162210464477317e+00,-6.581895695256085865e-01
2.036253213882446567e-01,-6.844027827859782143e-01
2.558034658432006281e-01,3.148209216567949831e-01
9.118215441703796387e-01,1.096277209383272222e+00
-5.187931656837463379e-01,-7.090826764285504957e-01
-1.988575100898742454e+00,-9.898360867367732574e-01
1.765201330184936301e+00,1.150410614523303288e+00
3.879079967737197182e-02,3.401691232415982036e-01
1.978310704231262429e+00,1.006248061206974853e+00
4.096908867359160822e-01,-4.197485338347992645e-01
-1.710142016410827637e+00,-1.229407096462189042e+00
1.309886574745177945e-01,3.751617481860693992e-01
-1.477135866880416870e-01,3.071877090390198184e-01
-4.462462067604064386e-01,2.001656794381574400e-01
7.658752202987670898e-01,5.098519503190437341e-01
-1.088086843490600364e+00,-4.884856303498215091e-01
5.454976558685302734e-01,2.778135489266171376e-01
-1.613525897264480313e-01,3.950763419563627643e-01
4.305298626422881386e-02,1.815619700459873975e-01
4.915249049663544256e-01,2.502628916486919763e-01
-1.052688241004943848e+00,-2.283287556395463547e-01
2.496727466583251953e+00,2.242734739946053324e+00
6.028352975845335804e-01,-3.230013460511793610e-02
2.236351668834686557e-01,5.594631157806637667e-01
-9.424097537994383655e-01,-5.413522568891067088e-01
-8.535319566726683460e-01,-3.047639554785464000e-02
2.232313752174377164e-01,4.428509943449001618e-01
3.980259597301483709e-01,3.117017250736453526e-01
-9.898771047592164196e-01,-8.789774589826149231e-01
3.293374180793762762e-01,-5.694064027793728222e-01
-1.767287030816078186e-03,-7.837955171172512614e-01
-8.306506872177124023e-01,-3.126719939886783983e-01
4.283099174499512274e-01,-2.461862605143898541e-01
-7.970467209815980114e-01,-5.584603664040517224e-01
-5.205428600311279297e-01,-5.882027190506575742e-01
1.957739144563674927e-01,-4.031121476507233403e-01
1.193036198616028054e+00,1.025649174079163561e+00
6.657810807228088379e-01,7.938787920462244685e-01
1.647385478019714578e+00,1.096277114496277516e+00
-1.722883701324462669e+00,-6.330310430112677800e-01
-9.921436756849291716e-02,1.114294022549873198e-01
-1.846375912427902499e-01,2.210027387116308972e-01
2.435104250907897949e-01,1.349918188112848583e-01
-1.349426269531250000e+00,-7.522000159749189230e-01
-3.166756927967071533e-01,-1.102865223930762362e-01
-4.454386234283447266e-01,8.062076764788939087e-02
-1.605561375617980957e+00,-1.006178251071753404e+00
5.651934742927551270e-01,1.166684410154017915e+00
2.778771221637725275e-01,8.062029358234878984e-02
5.253980755805969238e-01,9.315458430911083276e-01
1.660800099372863770e+00,1.731621477235354867e+00
-5.061411857604980469e-01,-4.182340791232843635e-01
4.246309697628020685e-01,9.647903736165490685e-01
-2.990885674953460693e-01,-6.373684080118144912e-01
-1.120009273290633878e-01,4.040856362271263436e-01
9.381573796272275612e-01,6.527513644782141355e-01
-1.007284760475158691e+00,-8.453050216594797384e-01
-9.755435585975648360e-02,3.882619487299177052e-01
3.909821212291718084e-01,-1.248269716499330606e-01
2.046250039711594148e-03,-1.075606955618125138e+00
5.154380202293394886e-01,4.085922301844990834e-01
-2.263015031814575195e+00,-1.441327136813483900e+00
4.400197267532349188e-01,8.323726020893404964e-01
-2.541121467947959553e-02,-2.503191568665799061e-01
-6.390765905380247913e-01,-2.849928300507866830e-01
-4.291525781154633123e-01,2.131608522707484354e-02
2.212775945663452148e+00,7.807599667012126154e-01
-9.194836616516112171e-01,-6.846827880540629074e-01
-7.103905826807020707e-02,2.787657584453469006e-01
1.065394878387451172e+00,6.516116615527112188e-01
-1.454859375953674094e+00,-4.427972084467008962e-01
1.133096337318420410e+00,8.853972464538153453e-01
-8.387049287557603316e-02,4.357049401758148477e-01
7.366679906845091663e-01,4.690069794515934198e-01
1.584461182355881015e-01,1.154658183529768678e-01
-3.431461155414580744e-01,9.380233615028754635e-01
-1.037748217582702637e+00,-5.734712644619066602e-01
1.041033148765563965e+00,2.375772259323536417e-01
3.992373049259185791e-01,5.194585242707563388e-01
-1.658816337585449219e+00,-7.103187591006974166e-01
1.739403843879699485e+00,8.530963679398122501e-01
1.833216905593872070e+00,5.656448914452036902e-01
4.455381333827972967e-01,1.160892900385354309e+00
-1.994430869817733765e-01,6.834150981312037132e-02
3.525775671005248468e-01,-2.550726861633512144e-02
-6.647394299507141113e-01,-1.149739347314750137e+00
-4.831253588199617144e-01,-2.728028305890313199e-01
-1.154532194137573242e+00,-7.992636296237738414e-01
4.027367830276489258e-01,-3.994101239847904772e-01
-6.507200002670286698e-02,3.705840225000667232e-01
6.865985393524169922e-01,-6.285042611482656305e-01
-1.666084408760070579e+00,-5.980247940797238648e-01
4.584592878818511963e-01,1.105052679595309062e+00
-1.463652968406677024e+00,-1.119464233529085195e+00
-3.003232367336750031e-02,6.840122866444264815e-02
6.566286087036132812e-01,-5.164511841546426396e-02
-9.622850418090820312e-01,-9.242960961590074298e-01
2.753198146820068359e-01,9.613978184542539829e-01
-2.397553063929080963e-02,2.699907917292767578e-01
-6.907163262367248535e-01,1.001482573215900729e+00
-7.311398386955261230e-01,-5.544028269981366996e-01
2.415431737899779829e+00,1.391611574083848613e+00
-1.530525386333465576e-01,1.205822747885414437e-01
-3.876971900463104248e-01,-6.309944108117817585e-01
1.346227377653121948e-01,2.990519571996541615e-01
-1.635082602500915305e+00,-1.547980324863708734e+00
4.506078958511353094e-01,9.592321871064632965e-01
-7.235127687454222523e-01,-9.272924514657265860e-02
-2.264519035816192627e-01,-1.893967998153018861e-01
2.878574609756469727e+00,1.731621668895196198e+00
1.257731676101684348e+00,1.286867325877688373e+00
2.657209873199462891e+00,2.580578519302384244e+00
-1.939695328474044800e-01,7.379427453435369877e-01
-4.204936325550079346e-01,4.789274193998238616e-01
2.001147031784057617e+00,-4.221900136815515125e-02
-9.833267927169802025e-01,-9.735328049459242017e-01
5.952082276344300427e-01,4.293197774037427195e-01
1.063734889030456321e+00,1.093184869465477771e+00
-3.666105866432189386e-01,-5.073375581584405047e-01
-9.306999444961547852e-01,-1.048329928896877039e+00
1.270405203104019165e-01,2.122686908366588909e-02
-4.555781483650208075e-01,-3.052632802510486520e-01
1.989751338958740012e+00,-8.060276911117503218e-02
-2.750408351421356201e-01,-8.957890673233692702e-01
3.803939521312713623e-01,-1.102869818988603257e-01
-8.045392036437988281e-01,-8.650415838514322608e-01
2.247119247913360318e-01,2.682219671251542259e-01
1.199092984199523926e+00,1.483589455955676151e+00
1.308092027902603149e-01,8.730318875388376476e-01
1.425706863403320312e+00,2.139566821162803834e-01
-7.232884168624877930e-01,-7.971892954134056630e-01
-1.039408206939697266e+00,-2.737921190193346455e-01
1.891554147005080830e-02,-6.642176056321336119e-02
7.317777276039123535e-01,6.300824185074946904e-01
-1.113525390625000000e+00,-5.344282484200211236e-01
-1.102488636970520020e+00,-1.009904841322035285e+00
6.399836540222167969e-01,-2.711186139368062520e-01
1.347731232643127219e+00,1.080032178950025568e+00
-4.690825641155241810e-01,-9.534762103626275298e-01
-3.377622961997985285e-01,-1.248266816550396285e-01
3.014740228652954102e+00,2.550746164607143207e+00
-2.590688467025756836e-01,-3.396400864478201775e-01
1.544913530349731667e+00,6.300824024670061974e-01
1.076700925827026367e+00,9.901953143856925266e-01
5.616491436958311878e-01,7.309059357701035431e-01
-1.015629649162292480e+00,-9.485284657975969758e-01
1.644334673881530762e+00,9.274656423453269127e-01
-3.496515750885009766e-01,-6.844037304164722890e-01
-3.738787472248076837e-01,-8.006285261952732490e-01
-1.091361999511718528e+00,-8.028897675487560726e-01
-7.978543043136594459e-01,-5.912860502876093882e-01
-1.722749114036559837e+00,-1.009905156286972971e+00
-6.100039482116699219e-01,2.971555248126644955e-02
-1.309340149164200107e-01,-2.722301974843124306e-01
1.059217029251158237e-03,2.564636463062894833e-01
2.693371295928955078e+00,1.209561062295200884e+00
-6.055623292922972523e-01,-5.435129107068736865e-01
4.407824277877808172e-01,8.955905894009559276e-01
3.072481632232666016e+00,2.507112732142307898e+00
5.286283493041992188e-01,5.501675797755427588e-01
-1.085708975791931152e+00,-6.002596879464694446e-01
-5.395208597183227539e-01,-7.095079576441642999e-02
1.116944909095763938e+00,5.700777616784851176e-01
-4.925918877124785822e-01,-7.856594642216463420e-01
1.461082100868225098e-01,1.209075595574211626e-01
-2.247222661972045010e+00,-1.084219163082542625e+00
6.065590977668762207e-01,7.617829174543473414e-01
-1.060674309730529563e+00,-1.156723705056627249e+00
1.276036739349365234e+00,5.291830015968104206e-01
1.149517059326172097e+00,3.430855880003149672e-01
4.174525737762451172e-01,-6.220661108388099159e-01
-1.105180501937866211e+00,-7.977062589512979862e-01
4.812274500727652810e-02,-8.511971093263590582e-01
-1.163528487086295943e-01,-1.230589089675846459e-01
8.634784072637557983e-02,-3.564103311760962178e-01
-7.945791482925413929e-01,1.701850950179024657e-01
4.207277297973632257e-01,-4.554169378048373851e-01
-1.043580651283263938e+00,-7.356840419962087374e-01
-1.122139453887939453e+00,-9.729934812624647655e-01
-1.592887938022613803e-01,2.195816559822159064e-01
-5.127812027931213379e-01,4.233958452951727125e-01
2.378059148788452148e+00,7.178738867189400352e-01
3.111221790313721258e-01,1.044493974111353474e-01
-1.050759077072143555e+00,-2.283288987191780528e-01
8.314680457115173340e-01,9.242070799792947433e-01
3.765355646610260010e-01,-3.217871109870089619e-01
8.604958057403564453e-01,1.245579087471014645e+00
1.195929124951362471e-01,8.721879748729532977e-02
-3.385698795318603516e-01,-3.002972303982232027e-01
1.035604476928710493e+00,5.947305668165263626e-01
1.972311362624168396e-02,-1.224026495044452378e+00
1.339161992073059304e+00,9.062190078499061663e-01
-4.233649969100952704e-01,-8.316578717728173586e-03
-2.768354415893554688e-01,-6.331024510574381203e-01
-5.028660297393798828e-01,-6.844027006324551188e-01
-1.369166970252990723e+00,-1.998701295468903183e-01
5.878055095672608532e-01,8.100539238157433708e-01
-6.344554424285888672e-01,7.221294232416508585e-01
1.010187417268753052e-01,4.486561818154086723e-01
-2.753100395202637274e-01,-2.321864498285544087e-01
-3.778268694877625067e-01,3.158925553715037360e-01
8.699174523353575550e-01,1.209075923192282076e-01
-4.737036824226379950e-01,-1.156723370217501934e+00
4.305083155632019043e-01,3.211338797671565715e-01
-1.365654915571212769e-02,-1.005233463042760622e+00
8.605406880378724255e-01,7.325386464731176162e-01
-3.636046350002288263e-01,-3.216854665915103162e-01
-7.895093560218811035e-01,-3.183012260664983550e-01
2.610236167907715288e+00,9.573126625359855701e-01
-1.177772283554077148e+00,-5.157793848091247746e-01
6.591859459877015270e-01,2.151678376313070906e-01
4.088384509086608332e-01,-2.433854673695456938e-02
-1.449026942253112793e+00,-1.589609180589148796e+00
1.728277325630187988e+00,1.159997859835003364e+00
-8.055262565612794079e-01,-3.396403157350849078e-01
-8.402518630027770996e-01,-4.396693880990674153e-01
-7.662243843078612171e-01,-1.640326933365594542e-01
-1.596543431282043457e+00,-1.261578467621164545e+00
4.730404615402221125e-01,3.259951212237206519e-01
5.699940323829650879e-01,1.155145096273330285e+00
1.087244153022765891e+00,8.776350635157585955e-01
8.222706913948059082e-01,8.958497295370881908e-01
2.740187048912047785e-01,-8.343660576483205027e-01
-3.423834145069122314e-01,-6.844027076979473101e-01
5.521377325057983398e-01,-1.998713107017504598e-01
1.958121418952941672e+00,7.916189009747802707e-01
1.702905148267745972e-01,-1.539818372726324824e-01
-8.900843560695648193e-03,2.270536360452246605e-01
8.733272552490234375e-01,9.830602732507465191e-01
1.026272535324096680e+00,2.468643890726922585e-01
1.005679368972778320e+00,-5.212968126379946554e-02
5.952531099319456898e-01,1.341829869058471125e+00
7.747136354446412243e-01,1.514029207083105177e-01
-2.501406967639923096e-01,-2.504669545723769986e-02
-6.193358898162841797e-01,-1.721396605131513269e-01
-8.687645196914672852e-02,5.012025654186449408e-01
1.400941252708435059e+00,8.013176095461815862e-03
1.398719549179076871e-01,1.284513591152158796e-02
-1.783564686775207797e-01,-3.623039904392064692e-01
4.458521902561187744e-01,-2.116633345255611864e-01
2.276730239391326627e-01,-1.811902792118140759e-01
9.289815276861189408e-02,-7.095071999924673634e-02
5.529452562332153320e-01,-7.390282089590134440e-01
-7.692751884460449219e-01,-4.121849444064609180e-01
-9.779429435729981579e-01,-5.890286591895459445e-01
-2.636002302169800360e-01,-7.277070769828108965e-02
2.048569440841674805e+00,1.543136643448277390e+00
1.329695463180542214e+00,3.047754048289768036e-01
-4.893167316913604181e-01,-5.110244965805619266e-01
-1.054506227374076704e-01,-1.333421734917918933e-01
-9.350967407226560280e-01,-1.006178168562066322e+00
-4.806129038333892267e-01,-3.359023199005313209e-01
-1.347924172878265381e-01,-6.254424432249385823e-01
7.361296415328979492e-01,-2.648572296733804343e-01
-8.081284165382386364e-01,2.697692746883206816e-01
1.014786958694457786e+00,1.064851428415088730e+00
-9.508677572011947632e-02,1.956022820190774780e-01
2.281880751252174377e-02,8.011986458612341266e-03
1.886606335639953613e+00,7.409940323868475787e-01
3.605186939239501398e-01,1.696590021661759096e-02
1.477615714073181152e+00,1.148620380576317768e+00
-9.719543904066084428e-02,-4.221818673885913142e-02
-1.676493167877197044e+00,-9.710088557866973780e-01
-2.741435468196868341e-01,-5.284064093730092004e-01
-1.070948362350463867e+00,-2.676624088509735877e-01
6.647492051124571644e-01,4.509023981701942851e-01
7.741968333721160889e-02,-5.164550465014805525e-02
-1.556478857994079812e+00,-1.236411093345234580e+00
1.021427035331726074e+00,4.342421878099989030e-01
1.897619813680649081e-01,-1.421843387771288825e-01
-9.744434952735899769e-01,-2.755585176990575924e-01
-3.479915559291840155e-01,-2.484590075403034781e-01
-5.427062511444091797e-01,3.234329506080375616e-01
6.138272881507873535e-01,3.792670896635486066e-01
1.129776358604431152e+00,1.166685017642822952e+00
-4.540975987911223810e-01,2.721180247611565406e-02
-2.325602054595947266e+00,-9.123562664411042356e-01
-2.728424370288848877e-01,9.484727402866433010e-03
-1.704847931861877663e+00,-1.156723048864816139e+00
8.765126466751097523e-01,4.887484760840825615e-01
-9.490049481391905628e-01,-8.456219871679837574e-01
-1.053271532058716042e+00,-7.673276928020835719e-01
6.172819137573242188e-01,5.016350658836490339e-01
-1.648497343063354492e+00,-6.373692149077299085e-01
9.021306633949279785e-01,6.909172264424854326e-01
-3.575478196144103449e-01,8.879688068099107490e-01
2.841582298278808594e-01,2.721174184658980977e-02
2.013305425643920898e+00,2.521254714377033856e+00
-6.943504214286804199e-01,-5.814420870314660483e-01
1.232786655426025391e+00,1.262027255685702620e+00
2.651354074478148859e-01,4.315983363099409331e-01
4.602987766265869141e-01,-6.846827647831097430e-01
1.098236203193664107e+00,1.245462560389515083e+00
1.604135513305664062e+00,-1.631525388814991651e-01
-9.450352936983104357e-02,4.315376424807815248e-01
-9.408394694328308105e-01,-1.441326634977916132e+00
-1.390208721160888672e+00,-1.168702326233345357e+00
-1.075210571289062500e+00,-2.866925517338576590e-01
1.682873725891113281e+00,1.160234540833386951e+00
-4.468743205070496161e-01,2.508081618821771386e-01
3.930584993213415146e-03,3.450605439736493807e-01
-9.414460510015487671e-02,1.009603218776069511e-01
-1.082658171653747337e+00,-4.154105134632994911e-01
7.138765454292297363e-01,4.980528937017383306e-01
1.019946455955505149e+00,9.959362346211952932e-01
2.094129174947738370e-01,-5.165344690720856669e-01
-1.866116523742675781e-01,-6.439220700380121620e-01
1.282407522201538086e+00,-3.623026538358842252e-01
-1.082972288131713867e+00,-1.621562382360992594e-01
6.658259630203247070e-01,1.836801221809878371e-01
3.296089649200439897e+00,1.979474627254642849e+00
-5.414500236511230469e-01,-2.126509085500973839e-01
-1.382850885391234907e+00,-1.377535324312934240e+00
-4.184746742248535156e-01,-5.980543806073845836e-01
8.215977549552916370e-01,4.101735384797922102e-01
-1.038286566734313965e+00,-3.103894704895320267e-01
4.406029880046845038e-01,-1.236411532908427535e+00
2.924134135246276855e-01,3.689667939186813683e-01
-3.029021024703979492e-01,4.102803177451725958e-01
1.779961943626403809e+00,1.025648860024518605e+00
-1.858040839433670044e-01,2.148494532942533120e-01
-2.254311323165893111e+00,-1.346834046502675353e+00
-4.486689269542694647e-01,-7.774544213082443811e-01
8.521957397460937500e-01,-2.883297448463975066e-01
-1.985009163618088046e-01,-5.584601450969040037e-01
-1.766088843345642090e+00,-5.111937986271288814e-01
1.301699519157409668e+00,8.499023537876468914e-01
-1.081177592277526855e+00,3.585117912942781260e-01
-1.370019435882568137e+00,-8.069986902502752635e-01
-7.618275880813598633e-01,-5.420367573208317857e-01
-7.083034515380859375e-01,-3.469751003488599217e-01
-1.383882761001586914e+00,-1.030841990385561235e+00
3.969043195247649591e-01,7.072724133894920939e-01
-1.070140838623046653e+00,6.386360289902128784e-01
-8.586787618696691340e-03,-7.390287544205205172e-01
7.685671448707580566e-01,5.972409561005842527e-01
-3.675976097583770197e-01,-2.536087400937270253e-01
1.020036220550537109e+00,3.478137836181764975e-01
-2.657088935375213623e-01,3.053988703358339052e-01
-1.670750379562377930e+00,-1.139737876030157526e+00
8.760406821966171265e-02,7.038856975660712223e-02
-5.055130720138548694e-01,-6.391387745851218050e-01
5.410111546516417347e-01,-3.623033871386156513e-01
2.350332498550415039e+00,6.287772627414556226e-02
9.805549383163454369e-01,1.239921394443531000e+00
-1.338951140642166138e-01,7.552659427969921069e-02
-3.135800063610076904e-01,-1.939039211507518345e-01
2.690386772155761719e-01,6.909169832429027380e-01
7.652919888496398926e-01,2.126875236031464667e-01
-7.139564752578735352e-01,-1.472697692132191261e+00
-1.063007235527038352e+00,-1.112170963544727886e+00
-7.329792976379393421e-01,-7.019317527880084562e-01
-2.815911471843719482e-01,-4.837952140130501455e-01
6.050336956977844238e-01,6.652240441089425360e-01
5.358965396881103516e-01,-2.676905359647601124e-01
1.778727322816848755e-01,-3.993599528416402755e-01
1.235613226890563965e+00,8.303606479762533077e-01
-1.453199386596679688e+00,-8.441145050306864128e-01
8.100673556327820934e-01,8.257453146389432952e-01
8.706568926572798295e-02,6.356177808010823327e-01
1.004333376884460671e+00,1.011402459778058649e+00
-1.148834228515625000e+00,-8.911219712963114326e-01
6.715686917304992676e-01,1.329024478209382298e+00
3.608776330947875977e-01,9.791632768962448274e-01
-5.495706200599671520e-01,-6.383384218311296543e-01
-1.401335239410400613e+00,-8.500901482438991685e-01
-4.112962782382964533e-01,-3.230085725922871021e-02
1.848716884851455966e-01,6.145700728767784504e-01
-1.419460773468017578e+00,-1.472873675045292874e+00
-1.418698072433471902e+00,-4.396692744639820738e-01
1.324760198593139426e+00,1.363006017795700409e+00
-1.444136619567871094e+00,-8.650407163856548287e-01
7.708552479743956409e-01,-1.084218946179475562e+00
1.648618280887603482e-01,7.706580195476755435e-01
-7.655513882637023926e-01,-1.956448152861596235e-01
-1.590845584869384988e+00,-9.041657438380359402e-01
-3.958859667181967995e-02,7.887246169431594289e-01
-3.549007773399353027e-01,-2.466128150361601712e-02
9.030728340148925781e-01,1.545710774355408823e-01
3.937188982963561457e-01,1.507900262561214788e-01
1.326106190681457520e+00,5.656454242582267256e-01
1.766995906829833984e+00,1.238459577171476145e+00
1.598482489585876465e+00,7.329172069593163918e-01
-5.291121006011961780e-01,-1.869098723107556204e-01
-1.810932457447052280e-01,-5.041394288889473607e-01
1.549085974693298562e+00,5.031363496402612157e-01
-1.783116012811660767e-01,-1.936370809048901798e-01
8.517919778823852539e-01,-6.373692251859748303e-01
1.308519124984741211e+00,1.522719035767041706e+00
-1.051701188087463157e+00,-8.013929747204451282e-01
9.325940608978271484e-01,-8.343652919610318186e-01
-4.818116780370473862e-03,-8.450575741357324588e-02
4.541073739528656006e-01,-4.346474506023141338e-01
7.482880949974061169e-01,2.136107862018206127e-01
-1.703681468963623047e+00,-4.840082567028489713e-01
-3.796663582324982245e-01,-2.642823368308575560e-01
-1.077678203582763672e+00,7.178737207518222085e-01
-1.094884797930717468e-01,-2.656029721522181752e-01
-1.369929671287536621e+00,-4.427960646107940157e-01
2.472679615020751953e+00,2.286133165593141392e+00
-2.258471027016640056e-02,6.430547022341741581e-01
-1.661531478166580200e-01,3.322656339376854895e-01
-5.202736854553222656e-01,5.013013995494683961e-01
-2.259425878524779829e+00,-1.529287473825619248e+00
-7.967326641082763672e-01,-9.524540382060346921e-01
5.566242337226867676e-01,6.930617528067917199e-01
1.408658027648925559e+00,-1.441327569264120090e+00
-4.493867754936217707e-01,1.376867640491465927e-01
3.545067608356475830e-01,-8.609454163838443641e-01
-1.021417260169982910e+00,-5.176838350734862537e-01
1.960431039333343783e-01,1.455246114902569943e+00
4.367894232273101252e-01,-6.846819458057660235e-01
-1.571801304817199707e-01,-2.676907270289805574e-01
5.541566610336303711e-01,-3.623030382857410636e-01
-7.432982921600339576e-01,-1.396670259557777349e-01
-2.989539504051208496e-01,-8.544260912528893748e-01
6.296197772026062012e-01,4.023746360921887089e-01
-1.028371334075927512e+00,2.131584170036182613e-02
8.012289404869078480e-01,7.965550931312876948e-01
-7.023364305496215820e-01,-4.427971865375348592e-01
-1.067314267158508523e+00,-8.835678739292691652e-01
1.778571128845214844e+00,1.038551983097064646e+00
-2.269116878509521484e+00,-1.236411413445568375e+00
-1.615745782852172852e+00,-1.108074006635666020e+00
1.410587310791015625e+00,1.455245248048674611e+00
1.162707328796386719e+00,5.574145179293799046e-01
-1.084811687469482422e+00,-1.014961339408476437e+00
-8.551470637321472168e-01,-2.832764262072906547e-03
3.430213034152985174e-01,-9.448650652595298460e-01
3.136346340179443914e-01,3.055271260447525172e-01
7.846288681030273438e-01,4.933920350084717299e-01
8.495702594518661499e-02,-2.708694568098253264e-01
9.693601727485658126e-02,9.792217991264617893e-03
-2.947366237640380859e-01,-6.296024097554604460e-01
-2.884106636047362726e-01,-1.939040715714597241e-01
7.168376445770263672e-01,-4.412620959891611072e-01
2.472790926694869995e-01,3.118438440404478484e-01
2.361817836761474609e+00,2.314479364028125374e+00
-1.643651843070983665e+00,-1.108074084338583898e+00
3.616529051214456992e-03,-5.717305570182151797e-02
-1.002125263214111106e+00,-5.073370718557632664e-01
1.984726428985595925e+00,1.560185710867580955e+00
8.314231634140013538e-01,6.341240728276416050e-01
1.776193261146545188e+00,1.240112483115490605e+00
7.181835770606993519e-01,9.686296748953053815e-01
-1.656528115272521973e+00,-6.483453576381967842e-01
1.383802771568298340e+00,1.455245814132150706e+00
3.567051589488983154e-01,2.577350051971909473e-01
-1.416903495788574219e+00,-2.676904986779971019e-01
5.922920107841491699e-01,9.139963465168863266e-01
1.067817568778991699e+00,2.095938402565273861e-01
-1.029358386993408203e+00,-5.980533602931132897e-01
-8.991149067878723145e-01,-8.915882065862974493e-01
-5.130055546760559082e-01,-2.648571451568577650e-01
9.276355803012850676e-02,-3.052633311142227690e-01
1.450023770332336426e+00,8.257455549722489963e-01
-9.011338353157043457e-01,-1.727138538570591741e-01
9.976252168416976929e-02,5.013018121358312484e-01
9.209058433771132035e-02,4.263347101386747440e-01
-9.243739843368530273e-01,-8.915884113613121720e-01
-1.772797107696532926e-01,3.658201397882439032e-01
1.451211720705032349e-01,6.888546124424688166e-01
1.053101897239685059e+00,7.000784177903458527e-01
5.297499895095825195e-01,-4.396692524345664488e-01
-1.319659203290939331e-01,2.254884152900951122e-01
6.855217814445495605e-01,1.815633037140815809e-01
1.066965222358703613e+00,1.418060279678790447e+00
1.077329039573669434e+00,1.081110961374438517e+00
1.605099141597747803e-01,1.928216999032410506e-01
-1.674991101026535034e-01,-4.584121178598308255e-01
-3.432807326316833496e-01,4.662731566497613223e-01
3.819193840026855469e-01,-3.096685830894903013e-01
3.529131785035134056e-02,-2.811478295404534755e-01
-2.821295261383056641e-01,-2.546266228894418227e-01
6.979045271873473011e-01,-1.998702259561131456e-01
4.450894892215728760e-01,1.316740811842986858e+00
4.028265178203583319e-01,1.150410491198107898e+00
-7.882083058357237659e-01,-8.127429396995498045e-01
3.447261750698089600e-01,2.479241991954972413e-01
-1.064084053039550781e+00,-6.844027081512966681e-01
-9.436211585998536266e-01,-1.236410935327477478e+00
-1.656707644462585449e+00,-1.118084255463673848e-01
3.152264654636383057e-02,3.796364677733752302e-01
-2.805143892765045166e-01,-7.699185113352222665e-01
8.836677670478819413e-02,9.792550422627499529e-03
-3.001653254032135010e-01,1.932981579604629019e-01
-9.692624211311341720e-02,1.701854398157585102e-01
-7.593151330947877087e-01,1.683242654120720161e-02
-1.299469918012619019e-01,-3.306036159466754221e-01
7.811742424964903675e-01,1.038206774136873456e+00
4.009188711643218300e-02,-4.609420893749760495e-02
1.847370862960815707e-01,-1.702263209015568712e-01
1.156246781349181907e+00,9.139967955581846937e-01
-1.595131158828735352e-01,-4.835932791640726869e-01
-1.432965159416198508e+00,-5.041394743780016618e-01
6.184483766555786133e-01,4.914227347769535292e-01
7.835521101951598011e-01,4.263853369334991150e-01
5.866605415940284729e-02,2.327829235576444056e-01
-1.148722991347312788e-01,-1.230598177863950760e-01
-1.173847466707229753e-01,4.189844298389124866e-01
-6.186180710792541504e-01,-6.772375195409554571e-01
-4.787734448909761187e-01,2.721253966966763471e-02
-1.769441179931163788e-02,6.493147846466236217e-01
7.755212187767026588e-01,5.559060224044940490e-01
1.481788277626037820e+00,1.185330272306636346e+00
3.144422173500061035e-01,2.468647680002864497e-01
-5.156077146530152477e-01,-5.427945623668728459e-02
1.153307259082794051e-01,1.154661004655035406e-01
-2.314767986536026001e-01,2.621204819823850229e-01
9.585710167884824440e-01,3.270872530506436782e-01
-5.049297809600831188e-01,-6.361058986763095113e-01
3.966799974441528320e-01,8.196482185177247359e-01
5.127909779548645020e-01,2.667242939729739248e-01
-2.394179254770278931e-01,2.592898122885913814e-01
-1.041046679019927979e-01,4.023745966680851716e-01
6.782984733581544079e-01,2.122658703671564950e-02
-2.574088573455810547e-01,6.028221141461269639e-01
-7.538415789604187012e-01,-1.520890883324312881e-01
1.585807204246520996e-01,6.660911099264366086e-02
6.113597154617308460e-01,7.689325273067764144e-01
-1.687485098838805930e+00,-7.482834426940656591e-01
1.486992597579955833e+00,2.951691828836797704e-01
-1.286010295152663907e-01,5.621685903863822276e-01
1.802057176828384122e-01,-3.139772389811716913e-01
1.847887754440307617e+00,1.738936558424832413e+00
-3.609575927257537287e-01,8.151674080825221935e-02
2.627126872539520264e-01,-8.061511794440034961e-02
-1.426438242197036743e-01,-2.609507715836136832e-01
2.067658752202988226e-01,4.068289981717212456e-01
2.968550622463225763e-01,-6.754759655043014455e-01
-1.632704734802246094e+00,-1.441326930536736217e+00
-2.837231382727622639e-02,9.139971323785669455e-01
-1.665366649627685769e+00,-1.637762514856051954e+00
1.620197176933288352e+00,9.613974167159935469e-01
1.366631966084241694e-02,-1.006178128026879559e+00
2.312511205673217773e+00,1.160234202206849474e+00
-2.004681587219238281e+00,-1.472873707280613065e+00
1.358789503574371338e-01,-2.656023792788624327e-01
2.133140325546265093e+00,8.942056358940217997e-01
-2.006610870361328125e+00,-9.491037361247411930e-01
1.198195695877075417e+00,2.168661604674988475e-01
-7.223911285400389515e-01,-9.505294216784885286e-01
1.233145594596863015e+00,9.139969289109268757e-01
-1.079113841056823508e+00,-9.096690251235330926e-01
1.334810018539428711e+00,1.045458273885273126e+00
-4.817793965339660089e-01,-6.747053380109409026e-01
-1.099886417388916016e+00,-4.455110363856653599e-01
4.767194092273712158e-01,3.684817088178515831e-01
-9.687007665634156384e-01,-5.355968663883223790e-01
-4.669290482997893732e-01,-5.812114409889104216e-01
3.107183873653411865e-01,7.133427468801682991e-01
7.683643698692321777e-02,-4.817809697014485693e-02
2.205394655466079989e-01,4.198651907282422435e-01
-8.714564144611358643e-02,-7.837953230390009018e-01
-1.719294548034667969e+00,-1.208343044347321982e+00
-4.541424810886383057e-01,-2.360361599205580418e-01
-1.001003623008728027e+00,2.353983223004014746e-01
8.603612184524536133e-01,1.455246143186831098e+00
3.796312510967255194e-01,-3.396402618408447260e-01
5.140920877456663929e-01,6.884713411454743692e-01
-4.820270463824272156e-02,4.296021588036857963e-02
-1.696077734231948853e-01,-5.814799486962152208e-01
-1.667654752731323242e+00,-1.131039803781482167e+00
1.109048724174499512e+00,9.791634037662992895e-01
7.526615262031555176e-02,1.404854567248028374e-01
1.349839806556701660e+00,7.221293892007518700e-01
9.644483327865599476e-01,6.405824156648165513e-01
4.937233030796051025e-01,5.408166712530224629e-01
8.090354800224305309e-01,1.262637705743694383e+00
8.753013014793395996e-01,1.334239850951552953e-01
-1.442880392074584961e+00,-4.247545358212501121e-01
-1.670391559600830078e+00,-8.459382204009320283e-01
8.608547449111937366e-01,7.838715991695477392e-01
5.141944158822298050e-03,-1.005231694885874827e+00
5.766789317131041370e-01,-2.504394675681003157e-01
8.599125742912292480e-01,5.179452376005508896e-01
3.036296963691711426e-01,3.256009558598771392e-02
4.684193730354309082e-01,1.301394741860680160e+00
-3.471391201019287109e-01,-3.098814677012131646e-01
6.034185886383056641e-01,3.350944919890119778e-01
-1.673218011856079324e+00,-1.032814987895500192e+00
7.952834665775299072e-02,2.564633640016089622e-01
1.505498588085174561e-01,4.039466223814689450e-01
1.449216127395629883e+00,1.073118423124493681e+00
-9.909538626670836292e-01,5.031368687714516952e-01
7.383047044277191162e-02,1.009111448354755858e-01
-7.908553481101988636e-01,-3.072437100715545988e-01
-5.203633904457092285e-01,-1.539818372699768290e-01
-7.679292559623718262e-01,-9.629757068451074709e-01
3.624927699565888006e-01,3.953579636018216270e-01
1.287453919649124146e-01,-1.182411323291248095e-01
-8.297085165977478027e-01,-2.546258566287327163e-01
3.518148660659790039e-01,5.418856498250326226e-01
-7.899131774902341530e-01,7.834810303360084660e-02
-9.696877598762512207e-01,-1.087096663675892749e-01
8.544390201568603516e-01,2.515957207387673478e-01
1.302372574806213157e+00,1.037497677838636001e+00
2.632623910903930220e+00,3.004774700197296866e+00
-6.784232854843139648e-01,-1.153423657591585716e-01
1.019587635993957520e+00,3.712044859101655270e-01
-7.461696863174438477e-01,-1.659114467389146697e-01
-2.845073938369750421e-01,3.014669547989679010e-01
-1.656976819038390891e+00,-1.251939244040270349e+00
5.221229195594787598e-01,3.441075356248615158e-01
1.244137644767761453e+00,4.904396139720996750e-01
-7.298836112022399902e-01,-8.488648525532114242e-01
1.228031039237976074e+00,2.090598931823405060e+00
1.312129795551300326e-01,-1.021765793222769947e+00
2.633408010005950373e-01,8.061981412022545257e-02
-7.771266102790832520e-01,-5.469142028612909989e-01
-2.264070361852645874e-01,8.495717220178944373e-02
6.713443994522094727e-01,7.001787571025261947e-01
9.312248229980467362e-02,7.329171357218613458e-01
-3.844220638275145374e-01,-4.455112978859534500e-01
6.207813620567321777e-01,3.875437011604208060e-01
1.360135525465011874e-01,3.091905144052233823e-01
-5.230104327201843262e-01,-1.539811765919072428e-01
-1.045599579811096191e+00,-4.847883371174348532e-01
1.750013530254364291e-01,6.300811901693705863e-01
7.638562917709349476e-01,4.291921562762741615e-01
-7.681535482406616211e-01,-3.472672607959430557e-01
-6.759557127952575684e-01,-9.414556387284989114e-02
-6.313597559928895153e-01,4.198664641643796713e-01
-5.940319895744323730e-01,8.191762643668978328e-01
-1.088042020797729492e+00,-1.009903532382805391e+00
3.762663602828978937e-01,9.008072265434083903e-01
-1.060539722442626731e+00,-6.109818033858060993e-01
1.164523512125015259e-01,4.046584207068182337e-02
-7.301312685012817383e-02,1.439253062548799811e-01
-2.727527320384979248e-01,4.768127834387132502e-01
2.271795123815536499e-01,5.816312364138864766e-02
-4.646857678890228271e-01,9.148703829677806709e-03
-3.623484075069426935e-01,1.611605023333302356e-01
1.299770355224609153e+00,3.211330559104941251e-01
8.256356120109558105e-01,-1.108206688179829147e+00
-5.093714594841004528e-01,-3.132435156199009363e-01
-1.766515970230102539e-01,1.197457688081981608e+00
4.410964846611023504e-01,-8.254508727398790491e-01
-7.689611315727234997e-01,1.084578461908951574e-01
4.168244600296020508e-01,-8.163692814658554120e-01
-1.750364452600479126e-01,7.932216248374190926e-02
-4.563408792018889826e-01,-7.785889707767479351e-02
-4.465835914015769265e-02,2.315552338239035279e-01
8.877056092023848100e-02,2.724446641016653459e-02
-5.389824509620666504e-01,-3.445455145701656896e-01
-2.046923041343688965e-01,-4.346482035076779660e-01
8.335318565368653454e-01,4.857654539757145784e-01
-1.334441304206847922e+00,-1.224026697873604963e+00
-1.629160404205322266e+00,-6.043932597994925437e-01
9.141993522644044079e-01,3.274207295196274181e-01
-6.219829320907592773e-01,2.044719912747403612e-01
1.090496033430099487e-01,1.557944760698473097e-01
2.163244724273681641e+00,6.379156266629708583e-01
-1.688001900911331177e-01,1.352364536338290790e-01
-3.351152539253234308e-01,-5.073371354484614848e-01
-2.282465100288391113e-01,-1.921257319532845287e-01
2.069453299045563022e-01,1.262636912570493930e+00
-7.410550117492674671e-01,-8.127443870380388624e-01
-4.287039339542388361e-01,-4.406939266072620320e-01
-1.048246622085571289e+00,-6.844028154949781673e-01
-2.933906912803649347e-01,-6.730491856330100831e-02
6.934180259704589844e-01,1.040345841508470759e+00
-7.030093669891356312e-01,-8.558355181344725615e-01
-2.005982637405395508e+00,-1.998719682889555926e-01
-2.703300118446350653e-01,-8.232015504379837090e-01
5.489073991775511585e-01,6.965817360441457495e-01
-1.089971184730529563e+00,-1.056937169116877850e+00
5.462603569030761719e-01,-8.441134843155428946e-01
1.570800662040710449e+00,1.628024632413975326e+00
-3.902096450328825794e-01,2.131661778772064864e-02
4.891470670700073242e-01,2.086993209823448936e-01
3.019697070121765137e-01,-6.309933700510526045e-01
-5.116380378603935936e-02,5.501699325980897726e-01
-1.820802837610244751e-01,-7.019324155053072722e-01
9.644249826669694381e-02,9.539167761166158499e-01
1.150166690349578996e-01,7.275801802717309918e-01
4.969087243080140270e-01,8.297147226414249843e-01
-1.640735626220703125e+00,-1.108073356962739897e+00
1.547671854496001920e-01,9.149525129729774164e-03
-1.041292548179626465e+00,-7.620800711681332551e-01
-1.668507218360900879e+00,-9.099862075156797125e-01
6.631340384483338513e-01,3.401676239098985199e-01
1.466465890407562256e-01,7.638539378219246778e-01
4.186639189720153253e-01,2.375770722793331124e-01
9.746327400207519531e-01,7.452478309873149520e-01
1.647789239883422852e+00,1.316740955290176540e+00
5.256224274635313831e-01,6.093736787077621564e-01
1.379405975341796875e+00,-1.153435166851695115e-01
-4.285244941711425226e-01,-1.702257484019500389e-01
-1.639793515205383301e+00,-1.168342823930198282e+00
-1.426594376564025879e+00,-6.439205969281460717e-01
5.534836649894714355e-01,-4.264902420492977519e-01
-4.253390431404113770e-01,-2.522574660469945051e-01
-3.605986535549163818e-01,-4.764956315413901855e-01
-1.613188505172729492e+00,-4.884838124402786086e-01
-2.607288658618927002e-01,-8.609463958551359930e-01
-4.645511806011198841e-01,-1.421859270928940155e-01
-1.942387223243713379e-01,-6.220662517604815811e-01
-1.405732035636901855e+00,-9.029859280952723388e-01
-9.718861579895021752e-01,-4.031133964226172317e-01
-1.690266728401184082e+00,-6.671462875674714077e-01
-1.111012935638427512e+00,-5.399643464769607881e-01
-1.468611359596252441e-01,2.391148899797950200e-01
-3.918248116970062256e-01,-8.541031936184717566e-02
3.506932258605957031e-01,-8.470612707443425649e-02
-3.995864689350128174e-01,-5.220877761903035541e-01
